Company,Year,Scope1_Emissions,Scope2_Emissions,Scope3_Emissions,Energy_Consumption,Production_Volume,Transportation_Distance,Waste_Generated,Revenue,Total_Scope1_Emissions,Total_Scope2_Emissions,Total_Scope3_Emissions,Total_Carbon_Footprint
Company 94080,2021-01-01,5102.98,3186.57,1879.9,60808.85,967,3133.17,305.88,3373441.3,5102.98,3186.57,1879.9,10169.45
Company 28240,2021-01-01,5565.66,1432.29,400.96,89071.98,385,4851.98,894.18,2535032.97,5565.66,1432.29,400.96,7398.91
Company 56560,2016-01-01,7502.67,3460.57,1060.11,48449.06,432,4508.22,436.78,5942745.4,7502.67,3460.57,1060.11,12023.35
Company 23544,2021-01-01,2574.28,1953.71,1297.85,78186.55,378,3814.37,846.29,2413923.61,2574.28,1953.71,1297.85,5825.84
Company 45650,2022-01-01,3798.44,1648.62,1489.79,99262.49,182,3786.65,606.21,6012089.68,3798.44,1648.62,1489.79,6936.85
Company 94581,2021-01-01,3433.36,1909.68,427.38,41572.13,976,1199.76,448.12,4332684.08,3433.36,1909.68,427.38,5770.42
Company 59409,2021-01-01,3931.02,1197.51,210.88,37580.2,584,1315.85,939.25,7304169.44,3931.02,1197.51,210.88,5339.41
Company 57859,2021-01-01,5990.45,3853.77,1766.63,52007.34,517,4097.38,908.81,4114456.24,5990.45,3853.77,1766.63,11610.85
Company 53102,2019-01-01,5269.66,4550.96,1156.02,90582.58,179,4855.09,861.89,7505340.76,5269.66,4550.96,1156.02,10976.64
Company 78334,2018-01-01,8807.48,1505.48,1360.56,35270.96,525,4823.56,379.86,3440254.59,8807.48,1505.48,1360.56,11673.52
Company 77145,2017-01-01,9934.98,1042.44,1183.75,40094.52,774,2584.78,286.58,8391181.09,9934.98,1042.44,1183.75,12161.17
Company 399,2018-01-01,1435.65,1063.11,960.54,40839.81,516,3792.94,928.3,4394999.26,1435.65,1063.11,960.54,3459.3
Company 96073,2018-01-01,6457.3,1347.64,1400.28,24061.83,284,3563.32,894.02,1507459.68,6457.3,1347.64,1400.28,9205.22
Company 89050,2016-01-01,6494.1,2082.34,291.95,59041.22,502,1900.09,903.89,9671353.3,6494.1,2082.34,291.95,8868.39
Company 1729,2016-01-01,5820.38,3647.34,942.41,50490.01,394,3052.41,834.56,9432681.57,5820.38,3647.34,942.41,10410.13
Company 6469,2022-01-01,9354.26,2384.44,1209.19,28351.8,519,4764.47,846.0,9522856.7,9354.26,2384.44,1209.19,12947.89
Company 8844,2015-01-01,6065.26,553.6,1078.34,12095.21,497,2946.26,749.26,9673936.64,6065.26,553.6,1078.34,7697.2
Company 58984,2015-01-01,6936.95,4305.43,1236.74,51794.68,328,2759.09,936.34,6502772.16,6936.95,4305.43,1236.74,12479.12
Company 71871,2020-01-01,8390.94,4238.57,1157.78,17700.26,427,3756.26,294.74,4647337.35,8390.94,4238.57,1157.78,13787.29
Company 48682,2020-01-01,2542.01,4485.68,1382.96,10203.65,247,4581.63,673.99,7766178.82,2542.01,4485.68,1382.96,8410.65
Company 73906,2020-01-01,2952.6,4307.28,255.55,11322.09,176,4177.78,247.27,2564274.63,2952.6,4307.28,255.55,7515.43
Company 57852,2015-01-01,7843.89,4237.81,509.58,64265.69,842,2536.8,767.41,4266232.65,7843.89,4237.81,509.58,12591.28
Company 14400,2021-01-01,9225.88,3564.33,571.13,32234.32,566,3313.33,788.0,5824335.37,9225.88,3564.33,571.13,13361.34
Company 73262,2016-01-01,4839.91,1923.25,548.07,69710.82,177,1035.96,319.5,8287694.06,4839.91,1923.25,548.07,7311.23
Company 69395,2018-01-01,6052.31,983.41,743.19,57900.4,988,1053.45,995.25,5850712.26,6052.31,983.41,743.19,7778.91
Company 84588,2016-01-01,5651.09,2769.06,521.58,81191.42,774,1174.58,674.27,5067296.98,5651.09,2769.06,521.58,8941.73
Company 9729,2022-01-01,9844.04,2722.03,1113.73,60173.58,830,4999.83,617.7,4491408.77,9844.04,2722.03,1113.73,13679.8
Company 59454,2022-01-01,6282.28,2441.06,1830.69,47946.69,956,4364.46,667.35,6515294.98,6282.28,2441.06,1830.69,10554.03
Company 47138,2022-01-01,6534.55,3827.15,1013.4,61629.88,631,2802.74,717.44,6331540.32,6534.55,3827.15,1013.4,11375.1
Company 73402,2017-01-01,5298.9,2620.92,1156.95,47801.79,866,2190.83,336.78,1877639.46,5298.9,2620.92,1156.95,9076.77
Company 12891,2021-01-01,5183.43,3402.09,741.12,70220.87,230,3186.38,571.97,2449329.28,5183.43,3402.09,741.12,9326.64
Company 8868,2021-01-01,7219.77,4539.98,929.21,41703.66,116,2937.15,323.97,7338313.02,7219.77,4539.98,929.21,12688.96
Company 21918,2016-01-01,9520.79,4811.49,885.86,66375.0,719,4830.42,496.32,9566022.21,9520.79,4811.49,885.86,15218.14
Company 85659,2017-01-01,6692.58,2437.54,891.44,86951.64,674,4043.93,843.08,6825384.15,6692.58,2437.54,891.44,10021.56
Company 33199,2016-01-01,3641.92,1828.19,1658.75,90303.95,336,4468.17,227.08,7313975.65,3641.92,1828.19,1658.75,7128.86
Company 56431,2017-01-01,8639.86,567.13,1355.76,94164.33,281,3883.78,918.05,7498407.07,8639.86,567.13,1355.76,10562.75
Company 48168,2020-01-01,8486.57,3623.54,1729.23,66773.93,903,3494.34,993.15,1206228.79,8486.57,3623.54,1729.23,13839.34
Company 6441,2015-01-01,8425.0,2309.63,1278.27,72032.41,928,1586.33,198.53,2161233.0,8425.0,2309.63,1278.27,12012.9
Company 20807,2022-01-01,8063.89,2447.02,352.85,24577.29,225,2494.33,489.14,6199845.58,8063.89,2447.02,352.85,10863.76
Company 40622,2016-01-01,8204.53,4826.68,1678.95,58062.65,228,2500.46,280.78,3906044.23,8204.53,4826.68,1678.95,14710.16
Company 56767,2016-01-01,2433.23,885.38,618.74,41078.06,692,1340.82,192.53,9382818.34,2433.23,885.38,618.74,3937.35
Company 15274,2022-01-01,1926.57,4309.47,1205.37,84776.8,433,3683.68,830.81,4121976.29,1926.57,4309.47,1205.37,7441.41
Company 49701,2018-01-01,1823.0,2896.28,1985.92,59068.9,816,3905.38,935.32,4474928.92,1823.0,2896.28,1985.92,6705.2
Company 92035,2017-01-01,3436.57,2266.56,1933.81,16054.42,801,4923.64,687.43,8696803.26,3436.57,2266.56,1933.81,7636.94
Company 77536,2017-01-01,5717.12,4022.74,330.31,55876.73,756,3191.43,813.67,5051820.72,5717.12,4022.74,330.31,10070.17
Company 12964,2021-01-01,2584.49,4892.13,1649.18,38575.04,275,4791.66,426.62,4504899.97,2584.49,4892.13,1649.18,9125.8
Company 96583,2019-01-01,5615.46,1007.75,1799.38,86165.47,409,3486.74,895.04,5478114.34,5615.46,1007.75,1799.38,8422.59
Company 81296,2021-01-01,7452.82,4979.74,1769.23,23560.82,636,3003.62,194.12,7211594.3,7452.82,4979.74,1769.23,14201.79
Company 51211,2015-01-01,4974.45,3746.03,949.45,76226.48,400,2602.23,794.5,9542735.46,4974.45,3746.03,949.45,9669.93
Company 46402,2021-01-01,7968.8,2462.3,1992.87,58481.15,729,1773.52,934.74,6001870.78,7968.8,2462.3,1992.87,12423.97
Company 84269,2017-01-01,4887.33,3867.85,230.62,43866.66,811,1811.16,673.94,2350021.68,4887.33,3867.85,230.62,8985.8
Company 4272,2015-01-01,3158.54,1627.64,1186.34,61764.98,869,1137.28,119.0,8921426.23,3158.54,1627.64,1186.34,5972.52
Company 23584,2017-01-01,6840.88,3053.14,1203.4,79444.74,808,1676.03,582.45,2470896.22,6840.88,3053.14,1203.4,11097.42
Company 52073,2020-01-01,1222.81,769.9,1685.73,91724.82,553,4912.53,831.05,2135223.86,1222.81,769.9,1685.73,3678.44
Company 82464,2019-01-01,6545.04,2250.26,1879.79,44787.47,844,2519.18,470.25,2821842.91,6545.04,2250.26,1879.79,10675.09
Company 92750,2018-01-01,6237.96,4950.08,621.18,64540.76,195,1337.66,694.1,3608644.96,6237.96,4950.08,621.18,11809.22
Company 61697,2022-01-01,9209.26,2931.09,1886.1,19275.12,165,3035.26,118.17,6687634.25,9209.26,2931.09,1886.1,14026.45
Company 18326,2020-01-01,3687.83,1859.14,1570.64,12242.38,638,1816.87,335.52,6373467.09,3687.83,1859.14,1570.64,7117.61
Company 37126,2022-01-01,2216.53,2386.97,1677.11,76414.76,109,3974.25,137.75,3349758.87,2216.53,2386.97,1677.11,6280.61
Company 25096,2015-01-01,7959.0,4105.37,442.86,49094.21,257,3194.3,242.17,5783310.13,7959.0,4105.37,442.86,12507.23
Company 98990,2021-01-01,2895.02,3976.26,1082.43,82398.37,159,4029.82,866.81,2537509.06,2895.02,3976.26,1082.43,7953.71
Company 55797,2019-01-01,8341.24,1528.36,261.48,27891.9,687,2166.24,101.47,2419913.5,8341.24,1528.36,261.48,10131.08
Company 24886,2017-01-01,4777.76,2744.51,1884.99,67465.46,250,4277.12,335.32,5762784.86,4777.76,2744.51,1884.99,9407.26
Company 73009,2021-01-01,6316.26,2142.79,279.23,22781.0,270,3826.85,224.14,6952337.74,6316.26,2142.79,279.23,8738.28
Company 12456,2017-01-01,5471.51,1374.66,571.95,49146.62,266,1373.61,625.15,4190130.76,5471.51,1374.66,571.95,7418.12
Company 13572,2021-01-01,9892.02,3933.62,741.33,51573.06,699,3935.91,664.02,8142020.96,9892.02,3933.62,741.33,14566.97
Company 20726,2019-01-01,9878.04,4466.2,1230.1,91046.01,274,2106.31,988.42,7969543.39,9878.04,4466.2,1230.1,15574.34
Company 23977,2018-01-01,9002.95,752.95,375.01,10417.46,323,3773.29,714.75,7257467.35,9002.95,752.95,375.01,10130.91
Company 39843,2017-01-01,4940.79,4655.76,1538.03,99678.48,987,2653.57,985.36,3803694.61,4940.79,4655.76,1538.03,11134.58
Company 98898,2021-01-01,8979.17,2655.42,1670.71,14459.14,528,2635.12,980.43,1765358.49,8979.17,2655.42,1670.71,13305.3
Company 87450,2015-01-01,9980.01,2362.62,794.82,26970.74,157,1817.44,584.91,1454858.81,9980.01,2362.62,794.82,13137.45
Company 51367,2017-01-01,6267.59,1390.08,1598.98,54519.71,469,3022.65,602.69,4329192.91,6267.59,1390.08,1598.98,9256.65
Company 88921,2020-01-01,8411.34,1495.87,1367.68,49449.0,377,2133.3,790.12,7864232.16,8411.34,1495.87,1367.68,11274.89
Company 37118,2016-01-01,1952.81,1551.45,1068.98,36161.58,724,3362.45,438.8,8060678.93,1952.81,1551.45,1068.98,4573.24
Company 58143,2016-01-01,8628.47,1268.39,364.18,84921.3,488,4236.27,971.91,5463664.17,8628.47,1268.39,364.18,10261.04
Company 14152,2017-01-01,3308.99,4729.57,319.34,72655.21,202,4673.51,212.18,5545384.33,3308.99,4729.57,319.34,8357.9
Company 43972,2018-01-01,1824.98,1312.18,690.66,42191.74,264,4608.05,454.96,8255261.27,1824.98,1312.18,690.66,3827.82
Company 85401,2020-01-01,7880.26,2726.11,1535.09,86006.75,790,3081.48,636.29,5146551.01,7880.26,2726.11,1535.09,12141.46
Company 32712,2022-01-01,6629.25,3719.22,1826.66,63930.18,835,4774.02,897.07,1201402.84,6629.25,3719.22,1826.66,12175.13
Company 8188,2017-01-01,6178.82,1897.04,1452.15,16812.66,966,3057.97,303.55,9406596.51,6178.82,1897.04,1452.15,9528.01
Company 7409,2017-01-01,4808.38,1541.71,341.43,89784.68,753,2651.68,651.35,9944744.77,4808.38,1541.71,341.43,6691.52
Company 83925,2020-01-01,8339.76,2617.19,241.56,84911.78,970,4242.44,651.59,1672419.4,8339.76,2617.19,241.56,11198.51
Company 13552,2015-01-01,4822.21,1589.45,1630.12,23821.7,230,3931.33,706.65,3286844.64,4822.21,1589.45,1630.12,8041.78
Company 12378,2020-01-01,5848.0,3776.79,1206.15,73505.81,451,1250.83,797.06,5134828.99,5848.0,3776.79,1206.15,10830.94
Company 79321,2021-01-01,9494.27,4148.41,611.28,77015.12,221,4130.08,918.4,3658253.96,9494.27,4148.41,611.28,14253.96
Company 82183,2022-01-01,9790.82,2279.2,1594.91,53583.96,445,4816.27,620.2,2986149.67,9790.82,2279.2,1594.91,13664.93
Company 99257,2019-01-01,3079.87,2317.84,1076.0,23654.12,610,2868.74,943.86,8530891.9,3079.87,2317.84,1076.0,6473.71
Company 6384,2021-01-01,9307.86,2424.9,1416.7,69514.34,392,4893.07,566.77,5192792.12,9307.86,2424.9,1416.7,13149.46
Company 96992,2020-01-01,2922.71,1676.04,264.1,31469.12,849,1713.51,600.11,7572347.93,2922.71,1676.04,264.1,4862.85
Company 74467,2017-01-01,1442.68,4076.98,835.81,62484.8,259,2315.78,520.03,8344589.15,1442.68,4076.98,835.81,6355.47
Company 32006,2018-01-01,1020.65,2672.62,1335.55,83003.2,171,1077.23,747.61,3147034.38,1020.65,2672.62,1335.55,5028.82
Company 41265,2019-01-01,9026.56,3833.42,1369.83,13611.27,719,1432.99,223.65,6036929.93,9026.56,3833.42,1369.83,14229.81
Company 84946,2016-01-01,7784.13,2190.22,1601.46,97580.09,234,4456.66,339.2,5241694.89,7784.13,2190.22,1601.46,11575.81
Company 55558,2016-01-01,2814.28,3406.6,1416.48,93146.32,368,3573.77,485.4,8105323.49,2814.28,3406.6,1416.48,7637.36
Company 52898,2022-01-01,2314.73,1209.06,1979.89,86321.75,924,4689.74,835.15,9139420.12,2314.73,1209.06,1979.89,5503.68
Company 52586,2022-01-01,6763.22,2826.27,621.59,74467.04,421,2697.73,942.16,7010976.0,6763.22,2826.27,621.59,10211.08
Company 71332,2021-01-01,3100.09,4154.97,1317.63,88272.94,596,4759.43,399.77,8293808.69,3100.09,4154.97,1317.63,8572.69
Company 85421,2019-01-01,6955.42,3451.53,1077.07,28380.56,885,4636.02,965.02,9557377.76,6955.42,3451.53,1077.07,11484.02
Company 60141,2017-01-01,8872.67,3188.03,428.73,22576.49,520,1922.84,946.68,3622288.37,8872.67,3188.03,428.73,12489.43
Company 21765,2020-01-01,7438.95,3871.21,1320.37,66466.37,214,3165.7,981.39,3886267.34,7438.95,3871.21,1320.37,12630.53
Company 64284,2019-01-01,7709.55,4324.19,1746.27,36385.52,958,2471.08,731.0,2541614.54,7709.55,4324.19,1746.27,13780.01
Company 151,2022-01-01,6076.99,2857.76,290.67,27642.73,211,4046.14,252.51,7593900.33,6076.99,2857.76,290.67,9225.42
Company 53241,2021-01-01,5370.41,4772.61,1782.63,77577.22,534,2684.32,782.14,7390037.72,5370.41,4772.61,1782.63,11925.65
Company 74383,2020-01-01,5947.73,4815.64,499.7,71330.4,173,4602.66,427.13,2866504.62,5947.73,4815.64,499.7,11263.07
Company 43311,2019-01-01,7631.55,2906.59,1532.91,59733.32,628,4942.45,761.14,1773479.87,7631.55,2906.59,1532.91,12071.05
Company 56755,2018-01-01,4161.48,2351.43,977.68,62487.4,361,3989.89,964.25,2343179.15,4161.48,2351.43,977.68,7490.59
Company 92447,2018-01-01,8335.44,1798.46,1368.56,59636.19,877,1939.92,337.45,1489988.46,8335.44,1798.46,1368.56,11502.46
Company 35764,2016-01-01,6967.55,2691.44,1231.87,31483.46,995,3578.77,296.48,2300363.75,6967.55,2691.44,1231.87,10890.86
Company 67066,2022-01-01,5173.22,4337.3,923.2,83007.94,357,1745.15,531.92,1307376.49,5173.22,4337.3,923.2,10433.72
Company 7750,2022-01-01,4029.28,4989.24,917.31,14332.5,631,3807.04,400.57,5473234.42,4029.28,4989.24,917.31,9935.83
Company 70943,2021-01-01,5328.29,2578.46,892.54,40701.72,229,2369.28,910.98,5384264.13,5328.29,2578.46,892.54,8799.29
Company 87599,2022-01-01,4912.88,2464.37,1405.9,68251.53,162,2865.93,536.04,5708297.01,4912.88,2464.37,1405.9,8783.15
Company 12066,2022-01-01,8413.63,3306.34,1437.9,87789.61,511,4436.6,822.37,6814183.97,8413.63,3306.34,1437.9,13157.87
Company 35482,2019-01-01,5946.79,2489.94,1934.41,20691.54,491,2815.82,494.94,4614171.99,5946.79,2489.94,1934.41,10371.14
Company 42792,2020-01-01,2007.11,1940.35,1680.18,20960.13,456,2513.25,493.61,7930482.52,2007.11,1940.35,1680.18,5627.64
Company 82907,2020-01-01,3534.97,1274.59,605.15,87970.67,252,2413.25,765.79,1442526.47,3534.97,1274.59,605.15,5414.71
Company 70992,2020-01-01,9507.19,3161.17,1279.42,35746.03,223,3653.16,978.35,4882993.52,9507.19,3161.17,1279.42,13947.78
Company 72200,2017-01-01,5474.53,1172.84,1589.19,67746.53,898,1109.83,164.63,2869267.22,5474.53,1172.84,1589.19,8236.56
Company 99842,2018-01-01,8590.94,715.17,355.74,50543.55,673,1708.63,981.52,5600863.02,8590.94,715.17,355.74,9661.85
Company 41983,2021-01-01,8832.59,4430.38,876.8,58731.55,174,4030.72,579.72,6359723.62,8832.59,4430.38,876.8,14139.77
Company 1125,2021-01-01,5219.44,2365.48,452.27,38092.73,737,3550.75,418.31,9005789.37,5219.44,2365.48,452.27,8037.19
Company 91638,2018-01-01,3371.45,3061.14,520.62,66262.97,626,1884.17,381.62,9009882.46,3371.45,3061.14,520.62,6953.21
Company 54594,2022-01-01,5742.61,3313.85,909.98,94264.31,753,1279.45,327.47,6014687.22,5742.61,3313.85,909.98,9966.44
Company 95386,2020-01-01,4277.36,697.99,557.63,25978.98,318,2081.23,870.45,8007816.16,4277.36,697.99,557.63,5532.98
Company 62293,2021-01-01,3655.67,2215.23,412.03,16218.44,116,1161.85,948.47,2711903.18,3655.67,2215.23,412.03,6282.93
Company 16367,2018-01-01,6994.48,2145.91,1273.37,31226.22,151,2665.03,634.78,2745754.15,6994.48,2145.91,1273.37,10413.76
Company 13511,2021-01-01,1202.08,2181.55,1213.07,79817.14,169,1227.5,780.52,1756915.63,1202.08,2181.55,1213.07,4596.7
Company 10410,2017-01-01,9896.76,4772.98,1414.16,79387.04,528,1052.42,933.54,7957827.78,9896.76,4772.98,1414.16,16083.9
Company 32832,2016-01-01,8745.61,4442.17,315.24,95873.64,781,2727.06,447.15,2836837.89,8745.61,4442.17,315.24,13503.02
Company 50121,2018-01-01,6830.29,2222.55,728.74,62262.0,119,4530.72,617.24,8518237.67,6830.29,2222.55,728.74,9781.58
Company 78002,2018-01-01,6185.5,4984.83,250.16,72337.68,136,3118.37,743.3,9858357.19,6185.5,4984.83,250.16,11420.49
Company 60060,2021-01-01,2625.05,3431.64,549.32,50620.61,398,3123.43,531.41,4192422.91,2625.05,3431.64,549.32,6606.01
Company 97374,2018-01-01,4606.05,565.59,571.91,34058.99,369,3691.05,236.99,5966642.28,4606.05,565.59,571.91,5743.55
Company 14012,2018-01-01,4552.23,2807.85,1987.58,14584.19,857,1487.4,957.95,2375275.09,4552.23,2807.85,1987.58,9347.66
Company 95455,2022-01-01,8066.51,2391.39,1751.83,78932.09,952,4571.78,555.03,6380368.37,8066.51,2391.39,1751.83,12209.73
Company 67321,2017-01-01,5500.82,2468.56,1605.93,90429.41,971,2205.0,880.47,1187632.84,5500.82,2468.56,1605.93,9575.31
Company 29233,2020-01-01,7634.88,1205.68,1265.03,85986.62,350,3174.28,908.03,7895240.37,7634.88,1205.68,1265.03,10105.59
Company 36666,2022-01-01,6439.49,3268.91,1965.21,82038.79,169,1365.92,152.24,1121103.12,6439.49,3268.91,1965.21,11673.61
Company 27339,2022-01-01,1387.4,2821.55,1990.92,87891.34,990,3826.85,227.31,9250556.24,1387.4,2821.55,1990.92,6199.87
Company 50366,2015-01-01,2696.01,1393.46,1732.22,86038.45,433,1476.1,948.1,6466874.49,2696.01,1393.46,1732.22,5821.69
Company 72807,2015-01-01,6447.36,3732.2,1068.71,30675.06,912,3951.89,990.51,9182368.06,6447.36,3732.2,1068.71,11248.27
Company 29873,2016-01-01,6583.07,2022.54,1262.68,47429.92,652,4822.89,276.44,4524792.09,6583.07,2022.54,1262.68,9868.29
Company 34084,2018-01-01,9044.63,4376.26,1331.14,14409.28,448,4598.44,248.18,1054485.61,9044.63,4376.26,1331.14,14752.03
Company 18550,2016-01-01,6917.07,2897.65,1488.41,13831.3,263,3243.56,281.5,8373591.83,6917.07,2897.65,1488.41,11303.13
Company 87500,2017-01-01,7435.7,4072.06,1655.65,55348.66,529,2024.75,658.48,9282144.8,7435.7,4072.06,1655.65,13163.41
Company 63307,2022-01-01,6219.62,568.82,955.43,48308.78,769,3036.24,245.88,5586718.68,6219.62,568.82,955.43,7743.87
Company 88135,2015-01-01,4827.83,4481.6,1292.81,64578.42,301,2826.69,782.31,6754477.31,4827.83,4481.6,1292.81,10602.24
Company 29644,2019-01-01,9970.21,3142.47,289.13,22815.26,591,3735.03,768.06,2026063.53,9970.21,3142.47,289.13,13401.81
Company 84208,2020-01-01,6539.23,1408.42,1808.3,39178.9,870,2540.39,462.82,3503436.23,6539.23,1408.42,1808.3,9755.95
Company 3064,2015-01-01,4434.53,842.66,689.08,55660.59,292,2420.96,967.78,2394822.62,4434.53,842.66,689.08,5966.27
Company 68215,2021-01-01,6087.31,2347.55,1324.63,87213.34,465,3857.9,115.91,6648518.15,6087.31,2347.55,1324.63,9759.49
Company 8994,2022-01-01,6917.45,4489.34,252.01,79954.61,478,4213.2,254.11,2663684.01,6917.45,4489.34,252.01,11658.8
Company 67165,2018-01-01,8504.18,3779.56,494.24,83227.12,141,4406.03,973.01,1417164.77,8504.18,3779.56,494.24,12777.98
Company 9873,2015-01-01,6939.32,753.33,1876.44,42607.88,604,4957.95,615.04,7717837.14,6939.32,753.33,1876.44,9569.09
Company 42172,2022-01-01,7446.28,2070.58,1326.28,86111.67,785,4572.59,317.94,5560041.94,7446.28,2070.58,1326.28,10843.14
Company 65948,2021-01-01,2373.81,3068.3,448.99,15449.3,295,4103.5,764.96,5951775.83,2373.81,3068.3,448.99,5891.1
Company 35802,2016-01-01,8907.06,915.54,485.91,43286.12,887,2828.35,278.01,6105198.76,8907.06,915.54,485.91,10308.51
Company 29148,2021-01-01,7198.55,2489.27,1048.66,44163.03,891,2359.43,112.23,8286504.67,7198.55,2489.27,1048.66,10736.48
Company 81336,2017-01-01,5697.49,3668.85,603.72,83704.42,261,2563.21,941.24,8203325.08,5697.49,3668.85,603.72,9970.06
Company 28022,2016-01-01,6512.05,3833.89,485.93,24129.54,262,3051.53,452.4,8826803.77,6512.05,3833.89,485.93,10831.87
Company 60556,2018-01-01,5599.08,4931.89,673.61,90258.48,985,2171.57,987.42,3883897.9,5599.08,4931.89,673.61,11204.58
Company 4710,2020-01-01,1907.29,4412.97,1637.33,54959.32,773,4678.98,375.96,1839101.27,1907.29,4412.97,1637.33,7957.59
Company 20995,2021-01-01,3075.63,1116.99,1051.18,97465.71,103,1881.15,380.38,2269360.67,3075.63,1116.99,1051.18,5243.8
Company 47193,2016-01-01,8278.52,4230.36,1292.22,75966.82,995,4172.46,362.75,6897485.87,8278.52,4230.36,1292.22,13801.1
Company 14137,2016-01-01,2696.74,2606.85,865.42,64881.93,717,2807.88,340.23,4868886.06,2696.74,2606.85,865.42,6169.01
Company 21812,2022-01-01,7199.55,4342.9,1007.93,29060.97,920,3053.11,952.21,1355710.03,7199.55,4342.9,1007.93,12550.38
Company 93649,2016-01-01,6980.43,3353.0,304.75,32422.7,976,3362.04,523.08,7640555.21,6980.43,3353.0,304.75,10638.18
Company 81034,2015-01-01,8512.93,945.9,827.05,33537.62,223,3564.3,985.7,3454240.27,8512.93,945.9,827.05,10285.88
Company 66742,2018-01-01,5764.79,3276.02,851.67,59510.47,235,1739.61,897.04,5790670.16,5764.79,3276.02,851.67,9892.48
Company 37976,2018-01-01,2447.33,3721.21,945.0,74548.58,245,1754.24,645.72,7618013.7,2447.33,3721.21,945.0,7113.54
Company 68869,2016-01-01,4847.88,3261.42,1710.3,30242.61,877,1090.4,546.09,9344482.37,4847.88,3261.42,1710.3,9819.6
Company 948,2016-01-01,7563.6,2742.41,1388.73,91671.71,199,1872.22,308.72,4001070.97,7563.6,2742.41,1388.73,11694.74
Company 78515,2021-01-01,7630.87,2199.23,702.27,94839.16,844,1818.8,482.46,7878181.75,7630.87,2199.23,702.27,10532.37
Company 445,2022-01-01,2725.34,2757.34,882.1,86664.68,467,2135.44,615.12,6966067.88,2725.34,2757.34,882.1,6364.78
Company 44159,2017-01-01,2638.56,4653.61,1922.76,38496.23,997,3729.44,307.09,2317790.45,2638.56,4653.61,1922.76,9214.93
Company 43663,2022-01-01,8066.69,3729.37,1590.29,87251.19,624,1535.39,683.57,7146193.55,8066.69,3729.37,1590.29,13386.35
Company 15172,2020-01-01,5811.2,3345.84,692.99,75052.61,801,3467.91,422.87,8691883.23,5811.2,3345.84,692.99,9850.03
Company 88216,2020-01-01,4406.57,2448.96,1915.07,78844.34,171,2203.81,573.77,3257930.47,4406.57,2448.96,1915.07,8770.6
Company 57932,2019-01-01,8852.61,2043.12,1110.82,82955.28,649,3241.92,421.25,8514168.4,8852.61,2043.12,1110.82,12006.55
Company 66211,2017-01-01,4425.77,1870.77,878.01,90114.04,222,3712.19,327.83,1163659.86,4425.77,1870.77,878.01,7174.55
Company 30440,2018-01-01,9917.97,4042.35,1172.02,32719.37,415,3088.03,842.69,2963409.56,9917.97,4042.35,1172.02,15132.34
Company 2014,2018-01-01,7267.68,3215.01,1517.03,81177.13,799,4242.66,571.04,5829214.77,7267.68,3215.01,1517.03,11999.72
Company 53874,2017-01-01,2338.36,2195.13,1475.68,90707.64,552,4151.35,605.89,6696699.81,2338.36,2195.13,1475.68,6009.17
Company 29367,2019-01-01,6766.89,3256.83,882.35,57965.3,939,1751.76,697.61,7340111.44,6766.89,3256.83,882.35,10906.07
Company 2070,2017-01-01,3346.2,3859.05,992.74,29443.59,851,4278.53,339.7,2030415.22,3346.2,3859.05,992.74,8197.99
Company 92281,2019-01-01,7024.87,2156.18,995.8,40664.37,538,4234.06,388.37,8519294.95,7024.87,2156.18,995.8,10176.85
Company 31932,2021-01-01,8822.06,2725.03,920.05,27906.06,329,2661.36,263.78,3497854.67,8822.06,2725.03,920.05,12467.14
Company 40165,2015-01-01,1204.2,4749.29,416.83,96213.01,964,3182.45,127.4,8952149.33,1204.2,4749.29,416.83,6370.32
Company 30192,2020-01-01,2896.9,3530.67,1734.55,35553.18,446,2297.87,732.69,2076698.19,2896.9,3530.67,1734.55,8162.12
Company 50460,2020-01-01,2236.84,2942.03,460.95,75502.32,158,1186.88,949.25,7029640.83,2236.84,2942.03,460.95,5639.82
Company 68855,2019-01-01,3800.69,655.57,1018.3,15902.97,344,1513.6,700.16,1692400.34,3800.69,655.57,1018.3,5474.56
Company 45679,2015-01-01,8184.18,2497.22,1120.03,19019.55,738,4204.45,247.69,8190796.78,8184.18,2497.22,1120.03,11801.43
Company 75519,2019-01-01,9095.7,2276.66,1700.61,65660.67,400,3892.21,568.37,4168341.85,9095.7,2276.66,1700.61,13072.97
Company 55185,2016-01-01,2658.26,1175.41,1542.76,50281.57,585,2871.61,147.53,9350521.8,2658.26,1175.41,1542.76,5376.43
Company 48597,2020-01-01,5631.53,3506.98,1407.09,85492.21,925,4620.61,256.35,4615743.01,5631.53,3506.98,1407.09,10545.6
Company 56630,2019-01-01,9517.54,4983.02,1720.4,89416.36,961,3861.18,520.88,4055484.84,9517.54,4983.02,1720.4,16220.96
Company 14452,2022-01-01,7100.96,4082.25,1490.92,59269.27,940,2016.44,769.94,3273539.57,7100.96,4082.25,1490.92,12674.13
Company 29830,2019-01-01,9488.27,2018.84,328.54,25249.13,897,3644.57,649.21,9421294.31,9488.27,2018.84,328.54,11835.65
Company 71151,2017-01-01,9123.38,4564.38,561.63,17704.24,385,2410.28,477.64,9144317.26,9123.38,4564.38,561.63,14249.39
Company 7582,2017-01-01,8688.3,3200.64,1199.2,35925.54,299,1410.68,317.32,3304974.7,8688.3,3200.64,1199.2,13088.14
Company 32049,2016-01-01,7399.33,2739.73,750.67,45992.33,356,2661.85,983.32,9277773.72,7399.33,2739.73,750.67,10889.73
Company 42602,2017-01-01,8657.83,3102.9,500.79,53853.88,699,2412.16,733.93,8399682.28,8657.83,3102.9,500.79,12261.52
Company 85214,2018-01-01,2010.21,2356.64,587.86,24438.49,732,2487.07,327.91,6914177.66,2010.21,2356.64,587.86,4954.71
Company 1475,2017-01-01,5632.82,846.46,725.09,96147.16,402,3321.97,233.04,2452024.1,5632.82,846.46,725.09,7204.37
Company 81950,2015-01-01,6848.82,704.08,1895.68,29388.45,836,1387.48,794.01,4165906.05,6848.82,704.08,1895.68,9448.58
Company 50871,2022-01-01,7038.47,3873.96,1234.18,78436.89,777,1713.89,667.89,8638126.65,7038.47,3873.96,1234.18,12146.61
Company 38872,2015-01-01,2579.59,4276.81,1705.69,78836.93,413,3414.89,353.64,9058608.28,2579.59,4276.81,1705.69,8562.09
Company 18789,2021-01-01,3108.05,4813.8,1638.99,99611.22,983,4160.6,492.12,9896600.5,3108.05,4813.8,1638.99,9560.84
Company 31104,2017-01-01,6055.71,4295.01,1560.35,36191.51,892,4989.27,280.12,4568306.3,6055.71,4295.01,1560.35,11911.07
Company 86353,2020-01-01,3618.02,2105.44,267.14,39207.57,839,3935.22,139.01,4004918.62,3618.02,2105.44,267.14,5990.6
Company 26984,2015-01-01,8830.35,3131.09,1522.88,98665.38,310,3041.34,879.93,5422862.61,8830.35,3131.09,1522.88,13484.32
Company 51866,2015-01-01,5456.67,3002.48,1005.82,49327.39,598,2891.55,107.83,8673077.23,5456.67,3002.48,1005.82,9464.97
Company 50153,2015-01-01,8939.09,1522.45,722.47,47171.86,392,2988.12,336.27,3825777.72,8939.09,1522.45,722.47,11184.01
Company 73655,2018-01-01,4805.95,3602.98,1226.5,55221.53,509,3417.82,186.18,8149078.42,4805.95,3602.98,1226.5,9635.43
Company 93903,2022-01-01,2835.48,4516.22,1050.79,66676.09,625,3846.93,873.1,8301563.32,2835.48,4516.22,1050.79,8402.49
Company 54915,2017-01-01,9019.5,1812.87,1862.88,63302.33,245,2056.62,320.76,9182644.03,9019.5,1812.87,1862.88,12695.25
Company 59865,2019-01-01,7859.18,2215.27,1401.67,80629.71,905,2657.52,962.03,7720681.78,7859.18,2215.27,1401.67,11476.12
Company 87276,2017-01-01,2721.19,1210.41,836.91,32902.19,432,4187.32,175.16,3595541.99,2721.19,1210.41,836.91,4768.51
Company 77499,2019-01-01,5511.41,1733.29,856.44,57920.71,890,2882.06,641.2,3482509.13,5511.41,1733.29,856.44,8101.14
Company 68072,2017-01-01,3369.41,1268.54,1491.71,35630.01,724,2227.79,459.06,4902116.05,3369.41,1268.54,1491.71,6129.66
Company 29003,2017-01-01,4234.76,640.79,1251.52,85352.49,547,1668.71,741.73,3355536.24,4234.76,640.79,1251.52,6127.07
Company 20007,2015-01-01,3063.56,842.2,673.63,86057.28,319,4006.77,472.66,1793847.1,3063.56,842.2,673.63,4579.39
Company 31959,2015-01-01,5888.38,3547.57,1505.67,79726.34,436,3413.66,949.82,5278792.39,5888.38,3547.57,1505.67,10941.62
Company 30548,2016-01-01,8788.51,2147.15,1364.43,62196.65,654,3455.67,251.61,5509629.57,8788.51,2147.15,1364.43,12300.09
Company 14027,2015-01-01,9398.14,4944.68,1542.89,59805.34,386,2161.33,370.29,5790251.71,9398.14,4944.68,1542.89,15885.71
Company 73263,2021-01-01,9801.59,1726.42,1756.84,66631.09,760,1605.58,873.47,6516883.07,9801.59,1726.42,1756.84,13284.85
Company 60862,2021-01-01,9871.88,671.27,1514.72,76808.08,362,4074.51,766.47,4907226.5,9871.88,671.27,1514.72,12057.87
Company 75269,2015-01-01,3708.83,4819.47,663.01,72518.0,928,4320.2,971.83,8330830.1,3708.83,4819.47,663.01,9191.31
Company 29123,2017-01-01,3353.88,2708.99,1338.96,13246.06,304,2791.84,236.28,4508942.64,3353.88,2708.99,1338.96,7401.83
Company 18721,2018-01-01,1878.71,3235.37,598.44,54354.59,767,2709.54,742.16,7745130.9,1878.71,3235.37,598.44,5712.52
Company 76823,2019-01-01,6192.39,1058.26,250.14,34825.29,670,1173.32,934.82,9525184.29,6192.39,1058.26,250.14,7500.79
Company 75003,2017-01-01,6868.46,1790.29,278.04,98711.65,490,2971.47,320.32,7943103.8,6868.46,1790.29,278.04,8936.79
Company 5847,2019-01-01,1101.4,2945.08,1988.66,21365.47,593,4054.82,791.9,1597993.72,1101.4,2945.08,1988.66,6035.14
Company 54840,2016-01-01,1925.37,4410.5,262.01,91246.05,549,1210.64,979.3,7927711.98,1925.37,4410.5,262.01,6597.88
Company 3083,2021-01-01,4887.85,758.62,1054.8,35306.66,547,4098.89,907.92,7686107.06,4887.85,758.62,1054.8,6701.27
Company 33620,2017-01-01,6828.81,2586.3,1392.62,96046.59,704,1248.88,192.06,9265452.61,6828.81,2586.3,1392.62,10807.73
Company 67726,2015-01-01,9985.97,2308.39,528.62,11115.55,620,3883.71,113.15,7147857.52,9985.97,2308.39,528.62,12822.98
Company 47448,2015-01-01,5773.83,1818.91,1275.25,47303.6,940,2545.68,495.5,3725989.65,5773.83,1818.91,1275.25,8867.99
Company 39714,2018-01-01,5053.83,2617.99,748.67,77756.1,832,4353.16,716.62,9540796.1,5053.83,2617.99,748.67,8420.49
Company 7251,2015-01-01,6013.38,2956.79,685.89,87126.89,654,2841.64,193.79,4040863.63,6013.38,2956.79,685.89,9656.06
Company 31543,2016-01-01,9636.4,3488.68,1880.33,94508.72,683,4528.89,436.49,3713608.43,9636.4,3488.68,1880.33,15005.41
Company 11032,2016-01-01,5607.32,2342.4,1432.54,23714.51,251,3611.98,269.94,6856874.34,5607.32,2342.4,1432.54,9382.26
Company 81101,2021-01-01,8107.61,2503.4,698.73,31700.33,775,4490.99,355.93,5889323.93,8107.61,2503.4,698.73,11309.74
Company 21599,2017-01-01,8748.11,3624.05,1410.31,79522.14,905,4512.43,578.96,9705670.1,8748.11,3624.05,1410.31,13782.47
Company 5592,2016-01-01,5760.1,781.79,946.99,25933.79,156,2903.82,395.95,5115282.18,5760.1,781.79,946.99,7488.88
Company 4043,2018-01-01,2122.95,3914.63,1035.91,61867.11,341,1465.26,389.78,5438131.3,2122.95,3914.63,1035.91,7073.49
Company 65217,2019-01-01,1428.66,4136.04,1393.2,63859.48,237,1667.38,771.57,7775651.75,1428.66,4136.04,1393.2,6957.9
Company 1459,2015-01-01,3860.86,1242.78,1470.28,65781.93,273,3064.65,351.89,4899831.96,3860.86,1242.78,1470.28,6573.92
Company 9293,2022-01-01,8412.13,699.46,893.19,40841.37,256,2092.91,949.62,6957022.04,8412.13,699.46,893.19,10004.78
Company 13430,2018-01-01,2215.24,1741.29,1794.56,50241.66,636,3413.31,548.27,5702662.08,2215.24,1741.29,1794.56,5751.09
Company 64963,2021-01-01,1190.01,1627.59,1530.32,52717.23,395,1379.1,779.15,6495635.02,1190.01,1627.59,1530.32,4347.92
Company 82875,2020-01-01,1951.36,3499.48,529.16,40029.37,775,4140.25,439.72,7852004.95,1951.36,3499.48,529.16,5980.0
Company 7844,2017-01-01,7433.86,1731.15,1924.59,84859.06,526,1307.71,256.62,7689439.12,7433.86,1731.15,1924.59,11089.6
Company 66594,2018-01-01,5422.76,4192.87,1712.8,96251.19,184,1981.63,249.82,6723352.58,5422.76,4192.87,1712.8,11328.43
Company 14323,2018-01-01,3660.89,2375.29,1852.53,27022.13,607,3039.77,861.98,5909273.62,3660.89,2375.29,1852.53,7888.71
Company 3302,2021-01-01,8939.14,3275.32,1127.03,86637.06,554,3618.15,627.24,8772455.28,8939.14,3275.32,1127.03,13341.49
Company 60116,2015-01-01,7053.23,845.13,469.45,15533.87,825,3229.69,792.81,3635364.17,7053.23,845.13,469.45,8367.81
Company 42310,2019-01-01,5222.87,2818.4,1643.9,56627.52,157,4315.67,653.3,8000190.77,5222.87,2818.4,1643.9,9685.17
Company 94410,2019-01-01,7386.35,2831.03,1943.75,98009.53,935,4734.95,994.12,3218663.44,7386.35,2831.03,1943.75,12161.13
Company 90908,2022-01-01,3746.8,2291.68,875.76,93127.93,258,2415.12,191.95,7449500.14,3746.8,2291.68,875.76,6914.24
Company 7474,2018-01-01,9529.89,2629.86,1963.83,37825.34,321,3203.86,348.93,9947531.98,9529.89,2629.86,1963.83,14123.58
Company 27944,2019-01-01,1870.55,2959.38,385.95,26468.02,942,4290.05,989.79,7694021.29,1870.55,2959.38,385.95,5215.88
Company 66707,2019-01-01,7706.27,3282.18,680.31,28690.27,555,4461.65,223.06,6274444.29,7706.27,3282.18,680.31,11668.76
Company 33609,2017-01-01,6324.49,648.05,1021.4,27645.37,449,1034.47,516.7,9735634.0,6324.49,648.05,1021.4,7993.94
Company 2874,2020-01-01,3842.83,3272.82,1187.79,77783.43,342,1296.33,278.28,9640986.53,3842.83,3272.82,1187.79,8303.44
Company 98682,2020-01-01,9598.52,4856.45,352.32,86907.75,923,1064.38,605.09,1195595.57,9598.52,4856.45,352.32,14807.29
Company 2568,2018-01-01,7725.66,875.05,1629.05,75225.92,168,1405.66,261.95,5651523.81,7725.66,875.05,1629.05,10229.76
Company 80382,2022-01-01,5425.12,4458.9,1928.66,11286.35,308,1732.35,764.4,3346146.3,5425.12,4458.9,1928.66,11812.68
Company 26814,2015-01-01,7143.6,3087.95,1432.9,15874.61,261,3864.24,168.35,2480043.0,7143.6,3087.95,1432.9,11664.45
Company 49276,2020-01-01,7837.26,1379.31,478.4,34473.95,792,4476.72,292.81,3622616.05,7837.26,1379.31,478.4,9694.97
Company 17691,2018-01-01,8331.81,4127.04,1529.32,64180.79,125,4891.03,617.91,2775399.46,8331.81,4127.04,1529.32,13988.17
Company 62798,2018-01-01,3412.56,811.48,1203.49,90747.54,781,1776.28,699.14,3550351.42,3412.56,811.48,1203.49,5427.53
Company 71114,2017-01-01,4838.66,4220.17,772.92,69279.08,525,1117.54,406.67,5982396.71,4838.66,4220.17,772.92,9831.75
Company 34447,2019-01-01,9688.7,3950.43,1427.82,36811.09,590,3194.02,241.95,5624300.77,9688.7,3950.43,1427.82,15066.95
Company 70678,2022-01-01,9166.78,641.62,497.49,64526.1,372,1478.38,866.36,5286704.44,9166.78,641.62,497.49,10305.89
Company 63218,2016-01-01,7236.82,4501.13,988.66,82761.41,214,3945.95,617.57,8564069.88,7236.82,4501.13,988.66,12726.61
Company 23883,2016-01-01,9425.09,3363.52,1966.92,59627.93,147,1651.62,321.61,7528946.75,9425.09,3363.52,1966.92,14755.53
Company 49645,2019-01-01,2763.95,1896.3,1316.88,85257.22,597,4762.26,915.07,7022307.06,2763.95,1896.3,1316.88,5977.13
Company 41234,2022-01-01,3684.18,4173.14,1545.52,31855.65,435,4324.63,608.12,8347567.39,3684.18,4173.14,1545.52,9402.84
Company 76575,2016-01-01,6563.57,4474.67,1425.35,24609.57,457,4349.92,635.02,3316707.69,6563.57,4474.67,1425.35,12463.59
Company 27348,2019-01-01,3057.72,1863.52,1729.94,16756.89,796,4219.09,857.72,1274012.38,3057.72,1863.52,1729.94,6651.18
Company 90753,2019-01-01,7027.78,982.75,1169.35,76258.4,982,2078.44,547.71,8897599.51,7027.78,982.75,1169.35,9179.88
Company 70746,2017-01-01,5664.6,2087.11,1418.9,27955.33,170,3470.05,393.03,7086929.38,5664.6,2087.11,1418.9,9170.61
Company 54646,2019-01-01,2724.33,3523.96,693.39,62665.25,886,2559.15,792.1,1911452.95,2724.33,3523.96,693.39,6941.68
Company 78409,2022-01-01,3165.69,3979.93,572.85,15995.93,233,2139.65,805.15,6871127.13,3165.69,3979.93,572.85,7718.47
Company 55320,2021-01-01,3047.7,4227.59,990.97,16461.29,398,3154.05,575.14,5744045.61,3047.7,4227.59,990.97,8266.26
Company 71288,2019-01-01,1510.06,2384.3,388.21,34308.18,600,1705.74,624.06,4327269.14,1510.06,2384.3,388.21,4282.57
Company 25782,2017-01-01,4661.52,1714.44,225.15,58899.41,328,2067.73,290.91,4984350.92,4661.52,1714.44,225.15,6601.11
Company 99402,2021-01-01,7220.05,3160.56,573.04,69918.82,728,1351.65,244.36,9136356.03,7220.05,3160.56,573.04,10953.65
Company 58668,2020-01-01,7610.38,3184.68,945.78,68209.95,359,2389.26,837.52,4443104.85,7610.38,3184.68,945.78,11740.84
Company 14337,2020-01-01,3748.2,986.12,1528.12,70400.66,714,3808.83,758.62,7206271.5,3748.2,986.12,1528.12,6262.44
Company 728,2022-01-01,4281.71,3343.63,451.87,74317.99,114,4542.53,236.75,7526445.05,4281.71,3343.63,451.87,8077.21
Company 20179,2016-01-01,4265.78,3639.23,1224.1,36873.75,560,4043.03,178.79,7835073.07,4265.78,3639.23,1224.1,9129.11
Company 17665,2015-01-01,1368.85,3484.35,1621.64,62611.5,691,3499.44,556.17,6644100.74,1368.85,3484.35,1621.64,6474.84
Company 68513,2022-01-01,1074.4,2766.6,1328.82,44670.19,125,4413.77,515.94,4806778.02,1074.4,2766.6,1328.82,5169.82
Company 35819,2016-01-01,2573.2,4774.7,1876.4,51390.32,980,4088.97,888.65,9655213.54,2573.2,4774.7,1876.4,9224.3
Company 57422,2017-01-01,8231.3,2264.96,1986.28,12492.04,297,1508.14,933.4,6587181.3,8231.3,2264.96,1986.28,12482.54
Company 63037,2020-01-01,7839.37,3575.04,657.91,74150.43,115,1149.92,886.61,7430967.3,7839.37,3575.04,657.91,12072.32
Company 64295,2016-01-01,9779.59,888.78,1737.37,17274.94,807,3019.99,407.72,3037432.52,9779.59,888.78,1737.37,12405.74
Company 22480,2019-01-01,2740.76,2381.82,1208.24,68942.36,541,3029.94,576.3,3974529.21,2740.76,2381.82,1208.24,6330.82
Company 155,2016-01-01,3541.53,534.16,646.2,55272.48,335,3120.26,305.84,9978955.07,3541.53,534.16,646.2,4721.89
Company 85683,2017-01-01,9813.43,3094.84,1747.4,13915.18,108,4238.89,591.36,5410965.78,9813.43,3094.84,1747.4,14655.67
Company 31025,2015-01-01,7128.21,3753.49,258.57,73283.06,743,4391.71,169.39,5828419.79,7128.21,3753.49,258.57,11140.27
Company 89880,2021-01-01,6241.92,2018.91,1794.53,42918.83,260,1881.37,414.28,6626196.4,6241.92,2018.91,1794.53,10055.36
Company 24432,2021-01-01,2569.57,1739.23,1990.09,79267.69,787,2212.03,693.42,4749024.4,2569.57,1739.23,1990.09,6298.89
Company 19836,2021-01-01,4647.74,4906.05,403.49,24647.93,707,1529.55,636.59,6153761.23,4647.74,4906.05,403.49,9957.28
Company 83159,2022-01-01,5881.21,2620.15,1252.56,26312.58,117,3695.63,410.83,1832281.82,5881.21,2620.15,1252.56,9753.92
Company 44791,2022-01-01,6295.21,817.17,960.9,50264.49,226,1847.47,800.18,7286754.51,6295.21,817.17,960.9,8073.28
Company 36486,2017-01-01,3536.96,792.39,1113.5,19194.13,439,2229.33,655.24,7882437.38,3536.96,792.39,1113.5,5442.85
Company 1643,2017-01-01,5878.24,4602.65,1404.33,50373.19,257,1117.24,298.3,7531063.5,5878.24,4602.65,1404.33,11885.22
Company 80884,2016-01-01,6807.05,4139.76,719.74,50710.35,102,3276.68,756.0,3356595.43,6807.05,4139.76,719.74,11666.55
Company 81327,2018-01-01,6180.57,3941.61,643.47,36792.77,915,4420.76,471.37,1053300.34,6180.57,3941.61,643.47,10765.65
Company 52925,2019-01-01,5421.46,1804.04,1139.42,84200.5,235,1102.25,906.47,5173091.07,5421.46,1804.04,1139.42,8364.92
Company 35029,2016-01-01,8692.14,3940.09,939.86,59741.33,402,3405.22,871.55,9288246.93,8692.14,3940.09,939.86,13572.09
Company 70959,2019-01-01,8572.05,1303.96,853.68,20872.44,375,3103.75,580.77,8918600.57,8572.05,1303.96,853.68,10729.69
Company 47835,2015-01-01,6640.86,4472.25,1122.04,54032.28,277,3905.37,298.46,5213427.69,6640.86,4472.25,1122.04,12235.15
Company 41858,2017-01-01,2299.69,4018.37,1531.19,90950.74,531,3635.99,533.85,7908158.98,2299.69,4018.37,1531.19,7849.25
Company 49319,2020-01-01,4904.37,3079.49,1683.1,45117.32,940,3820.07,650.74,2267692.49,4904.37,3079.49,1683.1,9666.96
Company 50105,2020-01-01,3550.73,4968.95,978.97,46779.99,173,1832.02,116.34,2273511.33,3550.73,4968.95,978.97,9498.65
Company 93166,2017-01-01,2122.03,1535.81,599.8,84850.23,681,4103.11,439.05,5008849.83,2122.03,1535.81,599.8,4257.64
Company 9324,2018-01-01,6246.13,2209.69,958.18,83712.71,678,2666.66,513.9,9643844.3,6246.13,2209.69,958.18,9414.0
Company 94560,2017-01-01,4849.24,3734.47,558.87,32859.37,201,4077.72,909.97,9011990.04,4849.24,3734.47,558.87,9142.58
Company 90291,2022-01-01,5974.82,2996.21,1099.08,97315.81,547,4820.43,939.6,9020691.86,5974.82,2996.21,1099.08,10070.11
Company 90814,2020-01-01,5672.61,2235.88,1690.92,50845.18,726,2929.04,211.84,7105600.46,5672.61,2235.88,1690.92,9599.41
Company 85583,2017-01-01,6780.45,3885.74,1480.2,57622.87,579,1461.81,583.53,3147174.44,6780.45,3885.74,1480.2,12146.39
Company 34076,2020-01-01,8428.88,4630.23,1793.42,47323.44,957,2290.28,505.96,4543109.11,8428.88,4630.23,1793.42,14852.53
Company 65522,2015-01-01,6125.18,815.97,1721.85,53240.81,418,3305.23,808.37,6359102.39,6125.18,815.97,1721.85,8663.0
Company 40120,2021-01-01,6211.45,543.71,1657.02,34058.19,292,4260.3,313.99,2406448.28,6211.45,543.71,1657.02,8412.18
Company 80949,2016-01-01,7962.53,593.43,1555.49,50661.19,878,4100.61,992.56,8304554.13,7962.53,593.43,1555.49,10111.45
Company 61622,2016-01-01,6651.43,3284.19,1388.9,25821.2,715,4484.5,962.71,9718583.86,6651.43,3284.19,1388.9,11324.52
Company 53850,2019-01-01,4729.54,2366.08,1522.53,63255.28,538,1840.15,741.59,6168346.19,4729.54,2366.08,1522.53,8618.15
Company 88409,2019-01-01,6006.55,718.67,1208.53,31660.63,107,2758.22,128.94,4321473.73,6006.55,718.67,1208.53,7933.75
Company 49027,2021-01-01,1698.28,4035.93,234.23,96377.58,953,3636.01,688.46,9075766.87,1698.28,4035.93,234.23,5968.44
Company 28426,2020-01-01,7827.39,2365.71,1241.42,99035.85,693,1867.3,648.84,7032183.95,7827.39,2365.71,1241.42,11434.52
Company 13055,2021-01-01,6584.28,4038.91,1136.02,63338.99,968,4050.5,290.74,1167473.39,6584.28,4038.91,1136.02,11759.21
Company 8106,2017-01-01,8280.9,3980.95,1547.18,26199.93,830,4446.79,223.22,5918619.24,8280.9,3980.95,1547.18,13809.03
Company 10708,2018-01-01,1758.87,787.64,1848.4,76055.74,243,1443.87,312.9,2640347.65,1758.87,787.64,1848.4,4394.91
Company 54060,2022-01-01,6576.51,1754.96,828.75,21109.96,426,4835.91,423.52,4642538.14,6576.51,1754.96,828.75,9160.22
Company 94517,2021-01-01,1110.0,3401.12,555.35,54754.03,406,2806.43,538.14,9364355.77,1110.0,3401.12,555.35,5066.47
Company 70110,2017-01-01,2235.51,965.24,1954.78,13166.31,444,2696.62,686.47,4519940.17,2235.51,965.24,1954.78,5155.53
Company 48015,2018-01-01,1461.91,1871.77,1771.49,65762.73,760,1768.68,994.81,7414879.79,1461.91,1871.77,1771.49,5105.17
Company 87128,2021-01-01,6823.67,2540.26,937.71,16269.48,221,1071.42,310.04,2060198.07,6823.67,2540.26,937.71,10301.64
Company 19225,2022-01-01,1887.29,2280.57,1271.13,58973.8,214,2317.52,173.74,2434654.89,1887.29,2280.57,1271.13,5438.99
Company 50189,2016-01-01,1561.4,3130.61,1206.43,35808.3,924,2049.41,899.0,6929611.5,1561.4,3130.61,1206.43,5898.44
Company 40614,2019-01-01,6714.67,2698.16,1838.64,52069.09,115,2585.19,412.56,3103669.91,6714.67,2698.16,1838.64,11251.47
Company 6921,2020-01-01,5475.95,4852.79,1603.65,14288.43,469,4537.8,132.18,3976759.15,5475.95,4852.79,1603.65,11932.39
Company 96760,2015-01-01,7817.91,4763.27,1572.87,34669.1,762,4746.75,751.31,8025863.51,7817.91,4763.27,1572.87,14154.05
Company 79892,2016-01-01,1992.63,2951.84,378.63,22295.13,567,4522.39,564.33,2235105.19,1992.63,2951.84,378.63,5323.1
Company 88910,2018-01-01,3603.63,3185.85,589.65,34046.04,947,3069.85,126.22,6090768.73,3603.63,3185.85,589.65,7379.13
Company 7611,2017-01-01,3955.81,4009.63,1329.28,19609.41,924,2617.05,377.67,2874226.12,3955.81,4009.63,1329.28,9294.72
Company 34542,2016-01-01,7797.65,4415.69,1254.2,13996.45,831,3004.52,296.58,4334359.49,7797.65,4415.69,1254.2,13467.54
Company 16260,2022-01-01,7708.62,1926.03,541.15,52855.66,105,4446.32,651.95,1879480.64,7708.62,1926.03,541.15,10175.8
Company 78966,2022-01-01,7895.8,1503.82,1456.86,80137.25,573,4657.03,859.26,9225410.8,7895.8,1503.82,1456.86,10856.48
Company 40183,2016-01-01,6734.25,1834.49,929.11,93696.07,447,1837.89,253.58,6184256.97,6734.25,1834.49,929.11,9497.85
Company 80775,2020-01-01,7013.08,3072.99,1490.89,82201.87,640,1481.36,875.55,2685254.01,7013.08,3072.99,1490.89,11576.96
Company 21134,2017-01-01,6559.56,781.8,1044.78,80722.39,859,1950.6,189.25,6471008.37,6559.56,781.8,1044.78,8386.14
Company 26810,2021-01-01,9153.09,1754.15,686.43,10817.06,404,2383.09,523.56,4247766.45,9153.09,1754.15,686.43,11593.67
Company 98664,2022-01-01,4160.07,1396.04,728.03,54599.42,772,2999.16,126.6,2470530.6,4160.07,1396.04,728.03,6284.14
Company 63388,2022-01-01,4847.59,4141.03,1758.62,43335.67,174,3653.52,382.0,2212456.67,4847.59,4141.03,1758.62,10747.24
Company 95683,2016-01-01,2991.6,4541.85,1428.85,38730.8,945,3492.39,721.28,5688704.67,2991.6,4541.85,1428.85,8962.3
Company 54585,2018-01-01,8059.89,3741.03,429.05,30217.83,709,2402.31,447.23,6430651.2,8059.89,3741.03,429.05,12229.97
Company 94108,2017-01-01,9941.94,1250.17,809.26,92293.57,437,4428.05,913.45,2283892.04,9941.94,1250.17,809.26,12001.37
Company 94305,2019-01-01,1128.63,1424.53,356.25,77054.91,648,4163.38,469.38,2270287.9,1128.63,1424.53,356.25,2909.41
Company 83441,2017-01-01,7296.75,4745.59,1226.44,88484.37,889,2808.79,304.92,1186581.66,7296.75,4745.59,1226.44,13268.78
Company 8000,2021-01-01,6365.48,2187.04,1294.49,18949.22,139,2431.75,710.98,4738037.77,6365.48,2187.04,1294.49,9847.01
Company 86090,2016-01-01,9327.14,2798.7,1832.21,22964.76,158,2591.84,405.28,6147467.51,9327.14,2798.7,1832.21,13958.05
Company 45102,2015-01-01,8434.39,2631.24,910.71,31718.72,360,4811.03,301.03,6216958.7,8434.39,2631.24,910.71,11976.34
Company 92319,2020-01-01,7758.03,2375.78,1510.02,62867.01,906,1916.56,306.34,3196371.75,7758.03,2375.78,1510.02,11643.83
Company 16857,2015-01-01,5607.23,3317.78,1465.1,66678.48,841,1387.92,518.9,7628968.85,5607.23,3317.78,1465.1,10390.11
Company 24177,2020-01-01,1058.27,631.43,1850.07,34215.43,117,3909.9,967.65,6134931.15,1058.27,631.43,1850.07,3539.77
Company 47442,2020-01-01,9371.67,1860.48,1897.13,89204.97,575,3012.48,217.49,1541164.11,9371.67,1860.48,1897.13,13129.28
Company 72433,2015-01-01,8337.88,3685.66,295.16,91498.69,183,3351.86,902.59,4148139.55,8337.88,3685.66,295.16,12318.7
Company 59428,2020-01-01,7399.6,1724.83,1513.81,26200.94,688,2106.37,950.92,7389204.64,7399.6,1724.83,1513.81,10638.24
Company 25064,2017-01-01,3875.01,974.86,684.22,57228.12,976,2256.95,223.13,4402771.03,3875.01,974.86,684.22,5534.09
Company 30874,2015-01-01,8912.08,4101.73,970.42,54797.82,291,4775.05,177.44,4737818.24,8912.08,4101.73,970.42,13984.23
Company 54108,2015-01-01,4006.58,4923.49,1130.74,84889.33,435,3523.32,261.14,3354639.76,4006.58,4923.49,1130.74,10060.81
Company 22099,2019-01-01,8040.44,750.47,1901.12,95155.85,464,3723.09,743.98,2665392.73,8040.44,750.47,1901.12,10692.03
Company 70629,2018-01-01,9043.57,4960.63,1046.08,95629.91,375,1748.16,320.59,5957939.0,9043.57,4960.63,1046.08,15050.28
Company 36864,2020-01-01,5027.66,2265.4,370.93,83769.78,616,1711.07,106.8,6146412.96,5027.66,2265.4,370.93,7663.99
Company 95639,2016-01-01,5466.32,4763.4,1094.48,78728.25,796,1094.31,966.5,2523589.19,5466.32,4763.4,1094.48,11324.2
Company 64421,2020-01-01,6129.86,4399.5,1742.09,52716.05,479,2407.25,783.48,8789871.66,6129.86,4399.5,1742.09,12271.45
Company 18793,2015-01-01,1834.11,2924.41,1600.98,47371.07,115,4313.43,223.39,3391912.08,1834.11,2924.41,1600.98,6359.5
Company 30001,2019-01-01,2987.27,3869.05,1592.73,99721.65,412,2549.81,749.49,2839906.95,2987.27,3869.05,1592.73,8449.05
Company 28142,2019-01-01,6387.63,3855.6,1042.18,32663.24,608,4574.56,168.58,6854683.15,6387.63,3855.6,1042.18,11285.41
Company 73514,2019-01-01,4885.57,2015.07,462.79,39612.3,143,2451.16,769.84,3452690.03,4885.57,2015.07,462.79,7363.43
Company 93361,2015-01-01,5751.61,3635.14,1762.31,95925.68,663,4311.26,529.3,3130051.1,5751.61,3635.14,1762.31,11149.06
Company 85478,2020-01-01,8861.04,3571.34,1058.58,45127.05,446,4148.07,410.82,8965656.01,8861.04,3571.34,1058.58,13490.96
Company 49875,2015-01-01,1142.85,3487.44,1579.05,26388.22,350,3389.88,355.79,1912642.57,1142.85,3487.44,1579.05,6209.34
Company 51802,2018-01-01,4136.7,1346.34,610.65,53488.43,904,1189.78,520.69,6310077.57,4136.7,1346.34,610.65,6093.69
Company 94272,2021-01-01,1978.09,2755.86,715.97,80816.2,149,3021.02,799.1,6961265.0,1978.09,2755.86,715.97,5449.92
Company 62749,2015-01-01,4013.34,1761.24,1944.78,58625.46,267,4353.06,410.49,9189999.33,4013.34,1761.24,1944.78,7719.36
Company 92251,2022-01-01,3002.27,1826.77,1714.36,72990.58,134,3911.75,503.74,8170999.98,3002.27,1826.77,1714.36,6543.4
Company 44302,2021-01-01,7558.91,2840.9,1826.45,50056.43,812,3193.71,708.0,3893365.64,7558.91,2840.9,1826.45,12226.26
Company 34738,2015-01-01,3738.51,1128.41,1562.57,95322.82,193,1588.25,473.91,5356669.95,3738.51,1128.41,1562.57,6429.49
Company 80600,2020-01-01,8073.57,1700.59,1350.96,82202.86,363,3797.47,737.83,4344568.88,8073.57,1700.59,1350.96,11125.12
Company 8308,2016-01-01,8555.66,2027.59,656.08,67574.34,684,2850.6,612.12,7640228.06,8555.66,2027.59,656.08,11239.33
Company 47993,2019-01-01,3705.38,4980.52,390.72,82996.18,343,3111.3,848.44,2162834.68,3705.38,4980.52,390.72,9076.62
Company 10506,2017-01-01,3065.33,3868.28,1161.74,82237.68,221,3774.94,273.3,3504010.72,3065.33,3868.28,1161.74,8095.35
Company 12347,2017-01-01,1044.33,3114.7,449.35,85181.77,341,1755.83,557.43,9658367.2,1044.33,3114.7,449.35,4608.38
Company 52114,2020-01-01,9617.53,3204.19,1664.36,38483.61,835,4970.26,893.14,7814304.05,9617.53,3204.19,1664.36,14486.08
Company 56153,2020-01-01,5491.43,2896.16,1268.25,53864.87,201,3898.19,632.84,3419462.58,5491.43,2896.16,1268.25,9655.84
Company 58605,2018-01-01,8992.57,4118.51,1873.66,74744.07,815,1276.35,382.56,4334809.37,8992.57,4118.51,1873.66,14984.74
Company 15191,2018-01-01,8537.61,3079.28,883.39,32452.1,680,4854.91,701.36,1678759.69,8537.61,3079.28,883.39,12500.28
Company 65667,2020-01-01,2171.73,4994.4,569.46,43650.83,537,2911.76,703.84,5514544.86,2171.73,4994.4,569.46,7735.59
Company 70579,2019-01-01,1837.28,3308.05,1127.82,70622.83,971,2712.05,712.35,3796293.4,1837.28,3308.05,1127.82,6273.15
Company 30305,2018-01-01,7836.01,1682.81,612.67,58394.49,140,3124.54,187.58,5529025.6,7836.01,1682.81,612.67,10131.49
Company 47665,2021-01-01,7092.92,505.1,1817.45,76272.9,861,2966.85,905.55,7613598.93,7092.92,505.1,1817.45,9415.47
Company 80349,2019-01-01,1721.55,3558.47,955.97,17480.09,108,1153.03,754.47,8916455.51,1721.55,3558.47,955.97,6235.99
Company 23680,2019-01-01,5413.26,3230.15,511.99,47257.26,811,1979.4,296.7,6752533.67,5413.26,3230.15,511.99,9155.4
Company 15225,2015-01-01,1924.97,4336.08,1244.15,92053.71,529,4326.77,962.0,9076764.9,1924.97,4336.08,1244.15,7505.2
Company 25485,2021-01-01,4165.36,3865.16,368.4,78106.89,173,1972.14,866.68,1678091.32,4165.36,3865.16,368.4,8398.92
Company 57457,2019-01-01,7376.58,1892.25,219.36,71624.79,221,3031.26,705.87,9649246.33,7376.58,1892.25,219.36,9488.19
Company 72934,2021-01-01,5355.79,3638.71,1313.42,12737.52,221,2764.22,704.45,8816034.18,5355.79,3638.71,1313.42,10307.92
Company 54475,2018-01-01,6140.04,1040.96,792.29,70922.33,380,3751.37,888.36,9797798.49,6140.04,1040.96,792.29,7973.29
Company 58103,2022-01-01,5151.19,664.77,1754.2,80793.07,603,2646.57,743.18,6238737.27,5151.19,664.77,1754.2,7570.16
Company 90968,2022-01-01,2564.32,4695.13,1020.95,27481.48,921,2042.41,281.07,8890128.48,2564.32,4695.13,1020.95,8280.4
Company 80893,2019-01-01,4442.02,4369.71,880.04,48251.29,464,4311.49,783.06,6860018.17,4442.02,4369.71,880.04,9691.77
Company 57599,2017-01-01,7046.78,803.8,1524.76,79005.06,596,4563.79,218.29,4870662.23,7046.78,803.8,1524.76,9375.34
Company 96845,2019-01-01,3811.38,3800.9,876.21,32088.44,175,3984.57,922.16,7097111.71,3811.38,3800.9,876.21,8488.49
Company 83361,2021-01-01,5802.1,4803.7,790.03,67128.08,131,3806.62,391.52,6017798.51,5802.1,4803.7,790.03,11395.83
Company 18079,2016-01-01,1875.39,2438.62,773.98,96898.82,770,4584.95,486.15,4813464.23,1875.39,2438.62,773.98,5087.99
Company 29420,2017-01-01,9127.28,2776.22,1092.5,23335.6,305,2934.93,738.33,3437395.78,9127.28,2776.22,1092.5,12996.0
Company 35673,2015-01-01,6759.11,2611.58,1246.93,12636.54,899,1240.47,126.01,3665926.8,6759.11,2611.58,1246.93,10617.62
Company 57715,2016-01-01,7771.2,4193.43,450.9,40325.97,138,3041.0,392.63,5056293.63,7771.2,4193.43,450.9,12415.53
Company 45058,2022-01-01,2071.13,2116.0,429.37,48169.47,396,4783.93,732.71,4257851.05,2071.13,2116.0,429.37,4616.5
Company 91788,2022-01-01,7158.89,2418.38,554.98,61508.73,745,4841.53,369.3,4282817.06,7158.89,2418.38,554.98,10132.25
Company 16522,2015-01-01,3147.78,2655.64,1081.58,78562.59,326,3257.84,875.03,6598542.16,3147.78,2655.64,1081.58,6885.0
Company 59752,2022-01-01,8577.07,1022.56,1124.4,69930.53,306,2819.51,316.81,2641153.6,8577.07,1022.56,1124.4,10724.03
Company 22349,2017-01-01,8266.87,3016.3,1718.76,81162.12,538,4797.91,335.64,5291858.72,8266.87,3016.3,1718.76,13001.93
Company 80309,2015-01-01,5600.25,3712.2,676.31,48645.25,586,4120.59,664.45,8982524.16,5600.25,3712.2,676.31,9988.76
Company 64402,2016-01-01,2773.09,4177.1,1240.58,95273.15,806,3755.22,429.39,9591253.82,2773.09,4177.1,1240.58,8190.77
Company 21494,2021-01-01,9455.24,4969.14,1618.56,87480.81,180,4839.69,252.12,6065488.89,9455.24,4969.14,1618.56,16042.94
Company 62195,2018-01-01,5973.98,800.11,691.58,54073.0,682,3441.52,899.3,6104204.48,5973.98,800.11,691.58,7465.67
Company 7970,2019-01-01,5901.92,551.87,1758.11,84350.53,713,4590.63,987.7,8059041.28,5901.92,551.87,1758.11,8211.9
Company 82428,2020-01-01,2784.31,4584.39,1152.54,42932.33,499,4400.69,743.95,8477677.68,2784.31,4584.39,1152.54,8521.24
Company 79032,2022-01-01,2340.79,2389.45,1454.74,24804.34,440,2423.48,664.19,2665707.99,2340.79,2389.45,1454.74,6184.98
Company 58639,2021-01-01,2552.0,1891.74,632.02,62861.95,960,1991.13,748.36,4679599.09,2552.0,1891.74,632.02,5075.76
Company 88092,2017-01-01,1816.58,1039.11,1176.67,79766.23,296,2069.46,912.58,7650850.74,1816.58,1039.11,1176.67,4032.36
Company 16282,2021-01-01,2633.51,1504.22,1521.38,50863.81,517,3449.93,172.7,8801669.09,2633.51,1504.22,1521.38,5659.11
Company 55432,2015-01-01,5472.46,4387.34,738.98,19753.7,339,2004.3,639.22,5376519.72,5472.46,4387.34,738.98,10598.78
Company 38262,2022-01-01,6391.48,4047.2,1896.27,85460.18,399,2849.55,619.14,6840728.27,6391.48,4047.2,1896.27,12334.95
Company 22465,2015-01-01,4896.76,1451.81,1022.78,46813.21,337,1537.59,681.54,5644871.35,4896.76,1451.81,1022.78,7371.35
Company 22885,2019-01-01,5185.1,3238.63,1774.7,28267.21,947,1954.5,106.57,4609480.52,5185.1,3238.63,1774.7,10198.43
Company 63669,2015-01-01,7519.16,1111.33,1354.67,64386.9,589,4993.78,877.84,2346017.55,7519.16,1111.33,1354.67,9985.16
Company 48941,2021-01-01,2559.55,2272.85,1468.86,84749.47,829,4383.67,244.35,3335237.92,2559.55,2272.85,1468.86,6301.26
Company 39976,2016-01-01,3881.12,2007.65,558.53,11967.03,662,4527.13,785.43,6830138.34,3881.12,2007.65,558.53,6447.3
Company 83408,2019-01-01,8654.76,4529.29,1016.24,37614.87,945,2858.86,423.42,7820962.66,8654.76,4529.29,1016.24,14200.29
Company 16271,2015-01-01,4193.96,619.48,1896.36,60125.6,209,2844.69,395.86,7465951.93,4193.96,619.48,1896.36,6709.8
Company 19104,2022-01-01,9696.83,4025.36,534.81,73201.93,739,3521.62,144.96,8653552.82,9696.83,4025.36,534.81,14257.0
Company 57751,2019-01-01,6403.07,1418.91,293.31,94426.33,306,4412.41,690.58,9169503.92,6403.07,1418.91,293.31,8115.29
Company 8558,2017-01-01,7220.74,2475.8,540.89,92739.81,613,4993.96,809.73,6470330.9,7220.74,2475.8,540.89,10237.43
Company 63999,2021-01-01,4427.94,750.36,432.58,58793.82,167,1460.91,775.31,6094729.6,4427.94,750.36,432.58,5610.88
Company 17209,2017-01-01,9184.01,4077.32,1055.95,99508.97,739,2691.26,183.94,9960170.37,9184.01,4077.32,1055.95,14317.28
Company 26009,2020-01-01,9511.82,3786.61,920.17,48112.78,965,4974.9,914.13,3725722.65,9511.82,3786.61,920.17,14218.6
Company 56253,2022-01-01,1742.32,4105.57,1083.79,67796.44,136,2397.27,165.83,9314543.9,1742.32,4105.57,1083.79,6931.68
Company 78069,2021-01-01,9106.27,4937.68,743.31,82547.77,454,4278.12,805.94,3624863.64,9106.27,4937.68,743.31,14787.26
Company 23352,2019-01-01,6502.79,2075.4,1571.75,37692.78,610,2696.54,389.26,7415074.12,6502.79,2075.4,1571.75,10149.94
Company 71138,2020-01-01,7594.87,3728.44,957.45,18322.2,440,3675.71,178.83,2466349.95,7594.87,3728.44,957.45,12280.76
Company 15988,2018-01-01,1071.13,1600.44,687.64,62319.88,796,1560.04,598.84,9296735.03,1071.13,1600.44,687.64,3359.21
Company 21502,2016-01-01,3256.63,1212.0,1047.76,69858.51,555,4673.6,950.34,6543487.98,3256.63,1212.0,1047.76,5516.39
Company 28695,2019-01-01,7307.06,2331.48,1960.6,41979.0,122,3970.84,635.2,4190551.87,7307.06,2331.48,1960.6,11599.14
Company 71699,2017-01-01,9731.87,1423.76,934.4,90130.96,925,2437.31,857.52,1197453.25,9731.87,1423.76,934.4,12090.03
Company 49476,2016-01-01,8657.86,1039.0,983.66,30325.1,569,2565.39,321.02,1356444.12,8657.86,1039.0,983.66,10680.52
Company 46019,2015-01-01,9749.18,3422.68,884.6,30805.26,122,1252.88,663.96,1688418.0,9749.18,3422.68,884.6,14056.46
Company 65040,2022-01-01,5679.84,2094.28,643.41,47094.47,811,3207.7,752.28,6379979.63,5679.84,2094.28,643.41,8417.53
Company 76736,2020-01-01,3372.62,4847.59,406.9,28797.91,106,2609.76,967.16,9096537.88,3372.62,4847.59,406.9,8627.11
Company 37252,2019-01-01,2205.42,4466.87,946.25,36089.9,535,3175.65,359.69,7263481.23,2205.42,4466.87,946.25,7618.54
Company 83030,2019-01-01,4100.84,4516.98,1161.41,91609.94,801,4825.95,623.04,4817859.07,4100.84,4516.98,1161.41,9779.23
Company 41704,2022-01-01,5130.5,1714.28,1994.37,85964.36,779,3931.51,566.7,9220801.25,5130.5,1714.28,1994.37,8839.15
Company 76858,2016-01-01,7718.62,3122.64,416.85,64542.89,527,2235.26,435.8,1691112.96,7718.62,3122.64,416.85,11258.11
Company 45559,2016-01-01,1275.32,1330.55,1511.21,21768.89,775,4061.28,694.41,8458134.26,1275.32,1330.55,1511.21,4117.08
Company 7587,2017-01-01,1996.93,1876.82,1647.52,81643.75,933,3359.86,795.53,7090370.83,1996.93,1876.82,1647.52,5521.27
Company 61797,2022-01-01,3701.14,4008.76,1986.27,44698.61,836,4130.15,396.32,8550592.64,3701.14,4008.76,1986.27,9696.17
Company 70358,2015-01-01,5816.3,3076.67,1525.43,37101.23,894,1236.09,872.18,8082262.62,5816.3,3076.67,1525.43,10418.4
Company 60724,2020-01-01,3845.56,4921.74,1098.87,50324.1,237,3661.61,162.36,9435579.78,3845.56,4921.74,1098.87,9866.17
Company 10171,2021-01-01,8687.66,636.61,1112.87,48126.6,890,4897.22,381.04,8749925.68,8687.66,636.61,1112.87,10437.14
Company 35098,2022-01-01,6798.2,2094.05,1918.43,98293.58,486,1249.63,307.28,8291375.68,6798.2,2094.05,1918.43,10810.68
Company 75219,2019-01-01,2153.27,3268.48,1721.24,99339.5,847,4136.35,583.49,1365676.91,2153.27,3268.48,1721.24,7142.99
Company 42379,2021-01-01,6782.82,1121.52,326.06,99134.28,628,2628.63,903.01,2337228.5,6782.82,1121.52,326.06,8230.4
Company 35189,2015-01-01,4588.55,1588.32,842.39,60609.5,883,1431.96,304.98,7652696.71,4588.55,1588.32,842.39,7019.26
Company 86559,2016-01-01,1672.89,1923.84,224.79,46373.1,275,3941.34,972.03,5575044.64,1672.89,1923.84,224.79,3821.52
Company 64256,2017-01-01,3959.8,2737.27,1014.45,75177.33,854,4109.29,221.74,7366134.34,3959.8,2737.27,1014.45,7711.52
Company 39135,2022-01-01,4704.85,3618.33,1287.8,66185.57,805,2785.39,148.24,3763152.2,4704.85,3618.33,1287.8,9610.98
Company 86843,2018-01-01,3868.55,2419.08,1251.36,29140.34,899,1433.79,575.49,1154097.88,3868.55,2419.08,1251.36,7538.99
Company 38479,2018-01-01,9374.8,1422.05,399.21,11327.28,246,1148.57,288.44,7500921.86,9374.8,1422.05,399.21,11196.06
Company 90058,2015-01-01,1885.3,3282.77,1379.57,94332.88,263,4002.81,462.49,5156126.26,1885.3,3282.77,1379.57,6547.64
Company 49047,2015-01-01,5718.39,4430.67,1427.01,76661.83,680,1826.03,953.79,5266050.96,5718.39,4430.67,1427.01,11576.07
Company 53305,2021-01-01,2009.89,3847.26,821.49,98827.79,476,4456.68,857.28,5346284.15,2009.89,3847.26,821.49,6678.64
Company 71322,2018-01-01,4355.7,4944.64,1193.28,54453.54,680,3627.47,216.94,7685917.39,4355.7,4944.64,1193.28,10493.62
Company 63497,2015-01-01,4733.82,3177.67,1106.01,86142.94,827,4256.58,581.69,4485724.02,4733.82,3177.67,1106.01,9017.5
Company 9021,2021-01-01,1587.95,1038.69,1989.98,80271.39,694,4949.28,417.75,8581637.0,1587.95,1038.69,1989.98,4616.62
Company 1294,2017-01-01,3864.81,2650.08,946.53,38283.58,165,3303.48,665.37,4931708.97,3864.81,2650.08,946.53,7461.42
Company 58346,2016-01-01,9852.36,1612.6,563.98,17795.55,630,1614.01,930.73,3911254.33,9852.36,1612.6,563.98,12028.94
Company 49959,2020-01-01,2110.79,4087.48,214.24,81024.01,354,2712.66,467.59,5531242.5,2110.79,4087.48,214.24,6412.51
Company 13722,2021-01-01,8132.04,1522.16,1288.48,21371.07,101,4287.19,657.74,5404897.76,8132.04,1522.16,1288.48,10942.68
Company 67793,2022-01-01,2554.1,2000.53,698.01,89706.51,926,4492.25,321.0,8352637.46,2554.1,2000.53,698.01,5252.64
Company 2121,2019-01-01,7029.49,712.53,1710.0,63692.91,225,1843.93,831.92,4374283.82,7029.49,712.53,1710.0,9452.02
Company 5875,2022-01-01,7271.24,2421.44,1989.37,16509.13,271,2103.08,329.13,6642260.08,7271.24,2421.44,1989.37,11682.05
Company 78345,2019-01-01,6740.0,1725.89,731.22,71219.03,270,1520.67,912.94,2262383.4,6740.0,1725.89,731.22,9197.11
Company 95422,2016-01-01,1262.48,2532.15,1332.27,91929.26,268,4971.88,943.18,2461097.18,1262.48,2532.15,1332.27,5126.9
Company 24621,2018-01-01,2262.76,1941.2,508.58,88822.46,991,4283.19,210.48,3705818.61,2262.76,1941.2,508.58,4712.54
Company 24313,2015-01-01,5092.02,2802.22,394.01,30124.82,720,3044.69,770.27,5114399.4,5092.02,2802.22,394.01,8288.25
Company 52490,2018-01-01,7507.8,4108.28,1436.64,98515.59,675,4165.03,179.21,2694235.73,7507.8,4108.28,1436.64,13052.72
Company 72135,2016-01-01,3227.56,4921.22,570.76,55377.64,392,3058.73,291.38,4772321.25,3227.56,4921.22,570.76,8719.54
Company 25,2022-01-01,6897.64,2848.31,1781.69,87343.76,585,4340.08,318.13,3403658.4,6897.64,2848.31,1781.69,11527.64
Company 45823,2022-01-01,9962.0,1279.51,550.76,94954.64,898,3303.11,515.62,9481001.46,9962.0,1279.51,550.76,11792.27
Company 47683,2020-01-01,4678.67,1468.26,334.41,44880.7,749,2095.76,240.03,9875462.77,4678.67,1468.26,334.41,6481.34
Company 84197,2017-01-01,7563.21,1469.09,704.83,92414.96,660,2717.43,462.33,6903083.26,7563.21,1469.09,704.83,9737.13
Company 16072,2018-01-01,9484.82,2390.03,339.45,75642.18,917,2549.7,762.58,5454628.13,9484.82,2390.03,339.45,12214.3
Company 82132,2021-01-01,5279.68,1020.25,1474.65,67369.73,423,2537.51,671.35,9206104.63,5279.68,1020.25,1474.65,7774.58
Company 67419,2019-01-01,1813.59,986.07,1887.03,85392.53,193,4565.14,594.84,4944619.24,1813.59,986.07,1887.03,4686.69
Company 26160,2018-01-01,9221.01,4547.16,1809.13,11469.71,371,4877.31,835.69,6997627.77,9221.01,4547.16,1809.13,15577.3
Company 82725,2021-01-01,6279.32,2989.06,1778.4,72753.18,928,1874.98,129.53,3174254.94,6279.32,2989.06,1778.4,11046.78
Company 44911,2017-01-01,2090.38,3859.47,510.18,68475.07,589,1229.5,553.21,9362707.98,2090.38,3859.47,510.18,6460.03
Company 80239,2017-01-01,3473.73,733.19,1910.37,43508.9,728,3254.5,290.65,4068854.99,3473.73,733.19,1910.37,6117.29
Company 71110,2016-01-01,2071.48,3693.27,1728.8,36994.25,244,2833.46,427.81,3512663.39,2071.48,3693.27,1728.8,7493.55
Company 13178,2016-01-01,1459.41,3434.94,1788.24,50609.9,889,4627.59,157.23,7114753.22,1459.41,3434.94,1788.24,6682.59
Company 56710,2019-01-01,5988.18,2654.09,1941.32,35776.99,436,3338.55,164.71,9585770.49,5988.18,2654.09,1941.32,10583.59
Company 90809,2019-01-01,1880.77,4852.84,1307.78,73587.99,998,4425.66,319.88,1007230.38,1880.77,4852.84,1307.78,8041.39
Company 11665,2018-01-01,4425.85,3421.25,1781.56,59222.23,857,3470.76,807.69,8773391.64,4425.85,3421.25,1781.56,9628.66
Company 59154,2015-01-01,1730.44,2810.0,658.97,64735.21,102,1687.54,751.3,7673058.3,1730.44,2810.0,658.97,5199.41
Company 21563,2021-01-01,9756.72,3697.54,1325.88,43288.0,260,4497.02,183.46,3257751.16,9756.72,3697.54,1325.88,14780.14
Company 85376,2022-01-01,7097.33,1863.59,491.02,28662.88,820,1129.61,283.48,2337052.9,7097.33,1863.59,491.02,9451.94
Company 19893,2021-01-01,3253.23,1051.8,993.78,62347.5,669,3673.46,497.32,4633830.31,3253.23,1051.8,993.78,5298.81
Company 37581,2017-01-01,5938.13,1565.88,959.52,81236.01,914,4988.21,644.43,2468911.77,5938.13,1565.88,959.52,8463.53
Company 15949,2017-01-01,9135.03,4719.09,1244.24,89336.05,100,3927.31,523.39,6823830.06,9135.03,4719.09,1244.24,15098.36
Company 85208,2016-01-01,3987.56,3975.22,1971.41,51267.78,889,4220.08,752.54,6099751.25,3987.56,3975.22,1971.41,9934.19
Company 45794,2021-01-01,1069.46,2760.21,1101.92,37394.12,730,4001.08,984.51,1831580.35,1069.46,2760.21,1101.92,4931.59
Company 34436,2016-01-01,5181.51,4361.74,1021.29,64568.5,198,2246.37,232.35,5378149.25,5181.51,4361.74,1021.29,10564.54
Company 15940,2021-01-01,3548.46,2501.73,265.1,65852.56,273,4796.6,161.44,4297392.09,3548.46,2501.73,265.1,6315.29
Company 50508,2019-01-01,2492.77,2013.36,1765.58,70028.62,434,3721.73,476.94,2261057.42,2492.77,2013.36,1765.58,6271.71
Company 59333,2016-01-01,3585.59,2514.96,1658.43,52918.88,834,4296.91,663.24,9630944.57,3585.59,2514.96,1658.43,7758.98
Company 47999,2016-01-01,9512.74,1680.16,1107.78,35562.58,954,1540.96,563.38,2951823.33,9512.74,1680.16,1107.78,12300.68
Company 67960,2015-01-01,7131.93,4076.21,388.51,69944.24,890,2669.44,442.13,8632441.9,7131.93,4076.21,388.51,11596.65
Company 4017,2021-01-01,4411.64,3523.54,881.81,61026.48,883,4389.7,964.87,3455648.39,4411.64,3523.54,881.81,8816.99
Company 2424,2019-01-01,2653.51,1359.08,370.8,33134.12,354,1674.33,160.1,2830256.11,2653.51,1359.08,370.8,4383.39
Company 24400,2015-01-01,9151.47,939.68,1761.78,29633.49,748,1034.72,330.11,9251372.64,9151.47,939.68,1761.78,11852.93
Company 52501,2018-01-01,4257.88,2409.06,1531.42,37727.65,110,3835.13,111.89,5575155.19,4257.88,2409.06,1531.42,8198.36
Company 85734,2020-01-01,2345.73,2621.71,599.43,35467.76,262,3498.55,171.84,9399301.52,2345.73,2621.71,599.43,5566.87
Company 28861,2021-01-01,6299.95,1556.61,308.92,60736.04,259,4228.9,507.91,2746959.82,6299.95,1556.61,308.92,8165.48
Company 74365,2016-01-01,2699.19,4838.43,1134.97,47960.67,240,1447.72,486.75,6652660.79,2699.19,4838.43,1134.97,8672.59
Company 36371,2017-01-01,6731.16,973.37,714.2,92960.82,832,2438.66,792.28,2538878.73,6731.16,973.37,714.2,8418.73
Company 18524,2019-01-01,3275.24,4452.55,1622.02,15801.29,338,4385.71,670.19,8986477.25,3275.24,4452.55,1622.02,9349.81
Company 2068,2016-01-01,7345.53,1526.4,1359.87,24748.9,101,3934.49,433.83,4261090.04,7345.53,1526.4,1359.87,10231.8
Company 86345,2022-01-01,2720.54,1890.76,526.38,45598.79,681,2694.27,556.4,1562102.23,2720.54,1890.76,526.38,5137.68
Company 39966,2015-01-01,9477.17,1780.72,1866.72,44634.38,460,3541.88,410.93,3097706.35,9477.17,1780.72,1866.72,13124.61
Company 5028,2018-01-01,8419.87,4031.42,340.64,92554.06,943,3048.09,609.28,8832748.46,8419.87,4031.42,340.64,12791.93
Company 85749,2016-01-01,9080.08,3190.18,239.43,91826.36,297,1072.13,559.77,9509362.53,9080.08,3190.18,239.43,12509.69
Company 8018,2018-01-01,3358.93,3626.49,272.44,77151.02,441,4012.18,860.34,4646697.73,3358.93,3626.49,272.44,7257.86
Company 27881,2017-01-01,9544.13,1683.45,536.12,71394.06,721,2360.52,763.4,3881936.0,9544.13,1683.45,536.12,11763.7
Company 13096,2021-01-01,9379.01,2872.14,767.14,14911.77,540,1176.59,370.99,6049210.44,9379.01,2872.14,767.14,13018.29
Company 96169,2015-01-01,3006.94,3713.43,1089.41,64138.09,216,3590.09,651.88,1240450.38,3006.94,3713.43,1089.41,7809.78
Company 7663,2015-01-01,1031.24,1926.49,1032.65,95502.69,751,2360.06,658.28,5581845.03,1031.24,1926.49,1032.65,3990.38
Company 4365,2017-01-01,3275.83,1584.89,1721.62,56410.8,703,4475.26,260.88,8132494.15,3275.83,1584.89,1721.62,6582.34
Company 82832,2017-01-01,3143.72,1433.32,1175.37,55320.91,793,1110.05,576.79,3766730.56,3143.72,1433.32,1175.37,5752.41
Company 51292,2016-01-01,8384.52,4806.47,1510.24,17043.39,690,1943.03,980.45,5745804.74,8384.52,4806.47,1510.24,14701.23
Company 53674,2021-01-01,6981.66,4268.65,1667.06,53736.59,878,4569.84,240.22,8260867.35,6981.66,4268.65,1667.06,12917.37
Company 49931,2019-01-01,3727.57,3331.28,1516.63,97972.68,303,3218.64,873.97,1834339.67,3727.57,3331.28,1516.63,8575.48
Company 95298,2015-01-01,5634.78,2152.93,974.95,63425.03,511,3800.02,317.71,8707160.25,5634.78,2152.93,974.95,8762.66
Company 57923,2022-01-01,5298.73,3941.15,1130.87,39640.3,189,2806.67,422.05,4807205.32,5298.73,3941.15,1130.87,10370.75
Company 85748,2017-01-01,9403.53,1246.48,1458.69,17956.21,838,2427.58,933.86,4334566.29,9403.53,1246.48,1458.69,12108.7
Company 95603,2021-01-01,3713.51,4536.36,1157.36,39909.84,106,1002.71,156.48,8199732.56,3713.51,4536.36,1157.36,9407.23
Company 29002,2021-01-01,4701.83,4326.2,222.44,21115.94,910,3805.61,931.43,4693172.0,4701.83,4326.2,222.44,9250.47
Company 91242,2020-01-01,1358.39,1543.51,697.37,29702.02,289,2803.02,472.87,3485807.03,1358.39,1543.51,697.37,3599.27
Company 2888,2017-01-01,5362.58,4087.75,1921.18,39275.25,426,3802.47,627.73,8282249.56,5362.58,4087.75,1921.18,11371.51
Company 71883,2015-01-01,8112.47,2409.78,1620.75,82179.52,286,4720.42,249.67,7119170.77,8112.47,2409.78,1620.75,12143.0
Company 93387,2015-01-01,2504.57,3540.69,826.31,37959.11,472,2210.32,251.83,3412532.45,2504.57,3540.69,826.31,6871.57
Company 20400,2022-01-01,4146.71,1460.19,1734.35,25947.89,176,4385.59,511.91,4174034.36,4146.71,1460.19,1734.35,7341.25
Company 75554,2021-01-01,5736.7,4521.1,1179.32,37805.24,688,4788.67,398.04,8647167.1,5736.7,4521.1,1179.32,11437.12
Company 14084,2022-01-01,7015.96,2890.95,1105.4,16864.35,826,1452.82,931.22,4869825.94,7015.96,2890.95,1105.4,11012.31
Company 62319,2021-01-01,1241.8,2336.33,1454.67,62788.4,303,4002.72,296.6,2943629.49,1241.8,2336.33,1454.67,5032.8
Company 22421,2019-01-01,9310.01,2321.7,1527.54,88830.98,416,1100.17,170.84,7265634.62,9310.01,2321.7,1527.54,13159.25
Company 96964,2016-01-01,6208.73,1934.78,466.05,30960.05,801,2449.24,781.72,8426130.47,6208.73,1934.78,466.05,8609.56
Company 14175,2015-01-01,2129.34,3241.43,253.57,43176.6,343,1058.82,858.69,3753733.57,2129.34,3241.43,253.57,5624.34
Company 64833,2020-01-01,3171.36,4435.19,798.86,38718.33,824,2313.64,953.09,6140479.42,3171.36,4435.19,798.86,8405.41
Company 13904,2018-01-01,4367.48,3874.98,1289.85,60688.52,197,2352.16,241.15,4897409.67,4367.48,3874.98,1289.85,9532.31
Company 28406,2015-01-01,1215.37,781.72,740.5,34947.09,583,2594.99,347.94,7649399.89,1215.37,781.72,740.5,2737.59
Company 77709,2022-01-01,8610.03,3902.6,1310.74,82002.53,800,2913.9,642.24,1077402.82,8610.03,3902.6,1310.74,13823.37
Company 16284,2017-01-01,3849.4,1852.67,364.21,61565.51,577,1059.0,689.67,4686447.79,3849.4,1852.67,364.21,6066.28
Company 68938,2022-01-01,7193.15,1531.33,277.28,13521.46,832,4508.12,468.01,5759998.19,7193.15,1531.33,277.28,9001.76
Company 17331,2019-01-01,4835.39,3345.8,1637.02,43071.48,868,2297.28,838.21,5462686.76,4835.39,3345.8,1637.02,9818.21
Company 39578,2019-01-01,6933.63,4159.17,717.07,98246.0,804,4049.85,942.79,8281245.39,6933.63,4159.17,717.07,11809.87
Company 32829,2018-01-01,7331.76,2260.78,916.08,58667.68,538,3742.2,303.63,4987355.46,7331.76,2260.78,916.08,10508.62
Company 27456,2015-01-01,3987.72,1592.03,458.0,20742.51,659,4831.59,679.42,6276880.73,3987.72,1592.03,458.0,6037.75
Company 90028,2015-01-01,5480.13,1031.53,1461.15,28391.43,411,4371.14,761.11,7081333.13,5480.13,1031.53,1461.15,7972.81
Company 72783,2021-01-01,5453.7,4980.55,964.26,89717.26,519,4498.76,173.15,7334191.85,5453.7,4980.55,964.26,11398.51
Company 20893,2015-01-01,8525.14,3131.85,634.29,55976.03,660,4069.17,152.77,4278624.77,8525.14,3131.85,634.29,12291.28
Company 31884,2017-01-01,2822.17,4515.73,444.11,86403.48,370,3172.54,585.7,5893250.0,2822.17,4515.73,444.11,7782.01
Company 76219,2021-01-01,5681.55,3204.56,957.66,70725.11,224,1766.26,769.82,1209066.9,5681.55,3204.56,957.66,9843.77
Company 68320,2021-01-01,5554.63,1320.53,1782.7,61697.52,324,3843.43,848.86,7867881.62,5554.63,1320.53,1782.7,8657.86
Company 28319,2021-01-01,5287.13,2739.09,1170.42,76795.93,424,2081.83,595.46,6103755.41,5287.13,2739.09,1170.42,9196.64
Company 36307,2018-01-01,4162.94,3692.54,1054.87,97748.48,119,2176.63,175.95,2894631.59,4162.94,3692.54,1054.87,8910.35
Company 40696,2016-01-01,7330.46,2930.84,1759.23,74649.92,772,4347.61,927.01,5616321.87,7330.46,2930.84,1759.23,12020.53
Company 88102,2016-01-01,9965.4,3445.15,1052.0,34355.56,924,3341.04,999.08,7220259.8,9965.4,3445.15,1052.0,14462.55
Company 79760,2021-01-01,7128.54,1806.73,584.04,80314.38,611,3835.08,849.23,6307712.63,7128.54,1806.73,584.04,9519.31
Company 39624,2019-01-01,8600.4,4591.25,1631.25,48525.7,601,1271.3,556.44,8327854.34,8600.4,4591.25,1631.25,14822.9
Company 19753,2018-01-01,1659.72,2204.4,1569.24,80044.99,258,1722.04,684.67,5787418.26,1659.72,2204.4,1569.24,5433.36
Company 51352,2020-01-01,5015.82,1372.01,1958.2,60437.15,895,1016.18,895.18,6976355.09,5015.82,1372.01,1958.2,8346.03
Company 30398,2022-01-01,5449.85,4047.36,1466.03,90735.85,210,4757.9,139.18,1840605.69,5449.85,4047.36,1466.03,10963.24
Company 84995,2019-01-01,7211.18,2585.74,1269.89,16076.11,289,1489.68,923.37,5494427.41,7211.18,2585.74,1269.89,11066.81
Company 22037,2022-01-01,3030.63,744.45,1629.91,55563.54,160,4646.52,509.38,5455885.82,3030.63,744.45,1629.91,5404.99
Company 99212,2015-01-01,4178.38,2642.69,1043.25,34444.52,240,2016.06,508.78,7607788.53,4178.38,2642.69,1043.25,7864.32
Company 43978,2015-01-01,6858.89,1841.97,670.36,65038.52,286,1940.15,232.76,1174506.0,6858.89,1841.97,670.36,9371.22
Company 6135,2021-01-01,1944.21,918.55,662.44,80762.82,716,4711.08,494.46,4161109.08,1944.21,918.55,662.44,3525.2
Company 49626,2018-01-01,3141.97,3692.06,415.0,57569.45,256,4007.66,163.42,3894017.09,3141.97,3692.06,415.0,7249.03
Company 33959,2020-01-01,5667.71,3203.91,1211.78,53319.48,258,4690.11,185.9,9042032.51,5667.71,3203.91,1211.78,10083.4
Company 14611,2019-01-01,6251.41,564.29,1176.79,85037.61,565,1200.88,459.7,1567781.79,6251.41,564.29,1176.79,7992.49
Company 2971,2019-01-01,7739.19,668.87,1124.5,17777.14,494,2180.34,299.2,9254886.89,7739.19,668.87,1124.5,9532.56
Company 8234,2022-01-01,8408.12,4923.36,503.84,81946.63,623,4625.11,396.39,2302896.76,8408.12,4923.36,503.84,13835.32
Company 68108,2017-01-01,7405.92,3570.32,220.69,11740.16,891,3752.08,915.37,2612483.92,7405.92,3570.32,220.69,11196.93
Company 12743,2019-01-01,2624.28,2744.19,1857.31,66930.42,611,1135.16,405.62,9475280.77,2624.28,2744.19,1857.31,7225.78
Company 36526,2018-01-01,8875.24,567.3,961.28,61055.85,895,4609.79,692.87,5306784.55,8875.24,567.3,961.28,10403.82
Company 60548,2018-01-01,4156.32,2636.59,731.46,96991.16,562,3987.04,703.43,7279312.48,4156.32,2636.59,731.46,7524.37
Company 27681,2016-01-01,5181.11,3305.03,968.78,82493.49,874,4753.0,400.52,9396625.09,5181.11,3305.03,968.78,9454.92
Company 59243,2022-01-01,6985.1,3978.91,908.91,73063.43,756,4325.05,870.74,9520383.99,6985.1,3978.91,908.91,11872.92
Company 59965,2016-01-01,1653.47,3676.14,1856.64,28610.17,436,4391.44,205.93,3006826.12,1653.47,3676.14,1856.64,7186.25
Company 40056,2015-01-01,1800.47,3309.29,1867.82,19335.88,241,3208.31,767.23,9378589.33,1800.47,3309.29,1867.82,6977.58
Company 51485,2015-01-01,9033.49,1248.97,711.73,10912.05,579,1313.55,464.04,5948925.13,9033.49,1248.97,711.73,10994.19
Company 6989,2017-01-01,3777.54,1490.36,977.61,91712.29,739,1813.4,216.42,1354674.22,3777.54,1490.36,977.61,6245.51
Company 85606,2022-01-01,7599.06,3987.12,1684.24,10530.37,243,1796.98,944.65,9278511.87,7599.06,3987.12,1684.24,13270.42
Company 70691,2015-01-01,7436.14,3691.56,1118.81,80418.13,675,1265.31,736.54,7963720.18,7436.14,3691.56,1118.81,12246.51
Company 49982,2015-01-01,1669.75,4991.99,1673.26,90404.92,875,1068.17,307.9,1364294.81,1669.75,4991.99,1673.26,8335.0
Company 1493,2017-01-01,3731.84,2556.33,1442.52,83693.58,619,4728.89,370.42,5101881.75,3731.84,2556.33,1442.52,7730.69
Company 15179,2017-01-01,8044.16,1488.05,559.49,25277.51,382,1206.38,632.88,6116338.9,8044.16,1488.05,559.49,10091.7
Company 62568,2019-01-01,4297.41,2774.85,1828.33,44503.56,630,4420.05,100.21,3910143.75,4297.41,2774.85,1828.33,8900.59
Company 50564,2016-01-01,5530.42,1067.88,1780.85,73377.08,963,3015.38,201.16,8787016.62,5530.42,1067.88,1780.85,8379.15
Company 42791,2020-01-01,7733.92,1129.52,1132.94,61962.29,585,3864.89,636.7,2173711.07,7733.92,1129.52,1132.94,9996.38
Company 77403,2017-01-01,6348.29,3002.81,616.41,24290.09,817,3216.19,382.23,4451558.95,6348.29,3002.81,616.41,9967.51
Company 77083,2020-01-01,2400.65,2241.85,1149.21,20374.01,191,3770.08,646.88,6863438.59,2400.65,2241.85,1149.21,5791.71
Company 28915,2016-01-01,9683.43,3026.08,914.09,51589.15,524,2727.48,833.75,9280543.99,9683.43,3026.08,914.09,13623.6
Company 53584,2019-01-01,4641.44,2429.04,1413.04,15536.78,626,1319.13,639.43,1960663.5,4641.44,2429.04,1413.04,8483.52
Company 26138,2018-01-01,7218.06,2771.83,1521.17,42236.22,496,3644.01,660.3,3335038.45,7218.06,2771.83,1521.17,11511.06
Company 6157,2017-01-01,4584.82,545.55,1585.01,31106.42,176,1087.31,806.74,2459465.7,4584.82,545.55,1585.01,6715.38
Company 80788,2015-01-01,9109.29,3286.97,1212.31,85271.34,424,2757.31,245.81,3343002.73,9109.29,3286.97,1212.31,13608.57
Company 4051,2017-01-01,9910.42,1209.58,1793.65,29169.0,531,2723.4,260.18,2344684.06,9910.42,1209.58,1793.65,12913.65
Company 67164,2016-01-01,3292.86,3887.76,744.47,36368.11,173,3936.36,926.08,3366172.18,3292.86,3887.76,744.47,7925.09
Company 49767,2018-01-01,6830.59,3982.67,1543.7,27463.61,103,3847.74,626.7,7768223.98,6830.59,3982.67,1543.7,12356.96
Company 20860,2016-01-01,5781.53,2600.43,1090.71,14310.89,468,2611.12,507.07,4545617.3,5781.53,2600.43,1090.71,9472.67
Company 98163,2018-01-01,5605.94,4582.74,1169.32,39232.24,532,1803.53,688.09,4452605.25,5605.94,4582.74,1169.32,11358.0
Company 8988,2020-01-01,4149.31,914.16,1270.73,22159.0,196,2318.13,104.81,9293714.43,4149.31,914.16,1270.73,6334.2
Company 55540,2018-01-01,3385.4,4887.42,1535.85,95612.57,368,2451.88,308.53,7350738.83,3385.4,4887.42,1535.85,9808.67
Company 94522,2015-01-01,1677.37,3712.82,1037.04,68785.47,883,4328.01,540.96,4343119.67,1677.37,3712.82,1037.04,6427.23
Company 63371,2021-01-01,2910.4,4933.05,1737.17,93118.33,645,2550.15,259.01,8354967.09,2910.4,4933.05,1737.17,9580.62
Company 15403,2018-01-01,5426.18,1399.89,1112.37,46715.28,114,4536.88,671.09,6350983.47,5426.18,1399.89,1112.37,7938.44
Company 92769,2020-01-01,7799.09,4864.48,1030.57,46420.49,813,2512.21,188.13,1011249.28,7799.09,4864.48,1030.57,13694.14
Company 91244,2022-01-01,3760.24,4172.62,1871.54,62140.06,522,2513.79,829.1,5395015.34,3760.24,4172.62,1871.54,9804.4
Company 55712,2015-01-01,2637.23,1931.45,1967.82,37254.82,196,2611.9,232.5,9781803.94,2637.23,1931.45,1967.82,6536.5
Company 4886,2018-01-01,4807.75,759.12,783.05,50509.74,154,2809.76,770.83,5258118.08,4807.75,759.12,783.05,6349.92
Company 32064,2021-01-01,3589.61,1895.22,1424.1,94532.38,561,3355.48,837.7,9930890.45,3589.61,1895.22,1424.1,6908.93
Company 1545,2017-01-01,8577.66,3446.33,1016.34,98663.68,757,4745.54,506.26,3623199.99,8577.66,3446.33,1016.34,13040.33
Company 35566,2020-01-01,3454.13,728.03,1849.56,22879.39,507,1156.62,963.14,8677248.31,3454.13,728.03,1849.56,6031.72
Company 94319,2020-01-01,9634.54,3571.71,1599.35,68055.65,381,2927.74,411.05,2558431.66,9634.54,3571.71,1599.35,14805.6
Company 6462,2016-01-01,9390.14,727.21,996.03,96535.66,956,2428.93,531.93,4814153.68,9390.14,727.21,996.03,11113.38
Company 86921,2017-01-01,1422.39,2295.49,1950.66,84988.14,118,2115.37,262.33,3816704.42,1422.39,2295.49,1950.66,5668.54
Company 19749,2016-01-01,9744.37,3593.26,234.97,75252.78,846,2041.45,699.91,6716155.86,9744.37,3593.26,234.97,13572.6
Company 57760,2022-01-01,4936.79,3887.02,1537.0,78297.97,282,3967.46,279.26,8273580.0,4936.79,3887.02,1537.0,10360.81
Company 39174,2016-01-01,6475.15,4053.66,1940.99,43002.44,746,2571.32,416.2,2465494.72,6475.15,4053.66,1940.99,12469.8
Company 52220,2016-01-01,4556.25,3477.45,974.75,63278.48,268,4788.04,991.26,9078040.78,4556.25,3477.45,974.75,9008.45
Company 72902,2019-01-01,3284.83,2874.2,1218.13,80921.21,210,1463.89,252.66,9467394.52,3284.83,2874.2,1218.13,7377.16
Company 6911,2020-01-01,2267.34,2098.07,1504.45,94522.36,994,3681.62,220.93,9056174.57,2267.34,2098.07,1504.45,5869.86
Company 18725,2022-01-01,8482.94,2871.19,226.81,84455.38,659,2604.38,966.19,4784148.27,8482.94,2871.19,226.81,11580.94
Company 90441,2017-01-01,9145.93,1580.08,1102.46,75448.08,787,2370.44,219.53,5082530.59,9145.93,1580.08,1102.46,11828.47
Company 8485,2017-01-01,7252.39,2208.39,829.14,10875.96,269,4868.55,989.85,6089356.34,7252.39,2208.39,829.14,10289.92
Company 82595,2016-01-01,2298.11,4889.33,358.13,51526.25,591,3355.5,817.26,1715460.16,2298.11,4889.33,358.13,7545.57
Company 63205,2016-01-01,1903.55,1762.37,1613.93,99700.77,724,1843.33,270.3,4837796.63,1903.55,1762.37,1613.93,5279.85
Company 30594,2016-01-01,6898.3,4922.16,1096.46,73281.59,729,1421.34,115.58,4518995.04,6898.3,4922.16,1096.46,12916.92
Company 35253,2015-01-01,9534.91,1361.41,1254.49,25642.28,407,1163.3,519.22,2349692.95,9534.91,1361.41,1254.49,12150.81
Company 71750,2017-01-01,2607.31,1050.47,1160.82,19673.61,626,4505.91,957.33,3349593.57,2607.31,1050.47,1160.82,4818.6
Company 62428,2017-01-01,6879.57,583.19,1602.3,66873.32,190,1005.03,137.15,8986441.75,6879.57,583.19,1602.3,9065.06
Company 56456,2015-01-01,1774.54,2622.16,1322.94,88416.7,130,2264.24,538.39,7987666.96,1774.54,2622.16,1322.94,5719.64
Company 35230,2021-01-01,3093.7,4278.47,1324.3,49088.38,729,3004.76,235.48,6579401.91,3093.7,4278.47,1324.3,8696.47
Company 50547,2015-01-01,2422.68,4652.63,1324.24,61908.48,585,4250.04,593.16,5094231.1,2422.68,4652.63,1324.24,8399.55
Company 24451,2019-01-01,6042.24,1072.03,397.12,99996.13,299,2972.21,110.22,3927851.99,6042.24,1072.03,397.12,7511.39
Company 21576,2021-01-01,4811.6,2384.42,500.04,34264.92,913,4135.92,595.21,7012655.18,4811.6,2384.42,500.04,7696.06
Company 28782,2016-01-01,9914.35,2746.03,406.33,47168.25,122,3458.86,604.72,7176585.54,9914.35,2746.03,406.33,13066.71
Company 35733,2018-01-01,5762.74,2960.51,1428.38,70592.03,759,4264.11,727.0,6529619.43,5762.74,2960.51,1428.38,10151.63
Company 54505,2017-01-01,1295.14,4548.41,889.8,52788.36,317,4306.91,258.91,5237868.17,1295.14,4548.41,889.8,6733.35
Company 19054,2015-01-01,2184.69,979.12,1394.41,23385.36,602,4167.41,298.94,4945519.69,2184.69,979.12,1394.41,4558.22
Company 66257,2019-01-01,1934.8,4365.79,1018.58,34752.76,711,4097.18,815.17,6478597.85,1934.8,4365.79,1018.58,7319.17
Company 37491,2021-01-01,7827.33,862.05,551.41,60176.21,139,2709.54,846.29,1004012.94,7827.33,862.05,551.41,9240.79
Company 98628,2016-01-01,5134.86,712.58,282.65,46251.81,120,4603.45,704.76,2169141.54,5134.86,712.58,282.65,6130.09
Company 13537,2017-01-01,9602.79,1738.28,1509.18,85394.8,997,1315.88,145.68,1154580.36,9602.79,1738.28,1509.18,12850.25
Company 20749,2019-01-01,3847.65,3085.64,785.32,66196.81,868,3996.37,363.54,8256231.58,3847.65,3085.64,785.32,7718.61
Company 17097,2018-01-01,9927.54,2734.0,1021.03,40883.01,507,1539.29,219.2,1626986.66,9927.54,2734.0,1021.03,13682.57
Company 59027,2017-01-01,7844.64,2416.63,557.58,80283.17,169,2684.97,860.72,8185956.54,7844.64,2416.63,557.58,10818.85
Company 33884,2018-01-01,2210.36,4548.39,600.37,50470.19,228,1137.43,876.8,2853518.85,2210.36,4548.39,600.37,7359.12
Company 78311,2017-01-01,1171.07,1742.13,227.29,13449.91,802,1812.69,224.6,5826092.15,1171.07,1742.13,227.29,3140.49
Company 95271,2015-01-01,3779.3,2268.64,1270.41,97153.23,703,1940.66,872.1,6375700.16,3779.3,2268.64,1270.41,7318.35
Company 21439,2021-01-01,9777.29,1447.99,1423.29,69372.17,270,3032.0,731.3,7886708.24,9777.29,1447.99,1423.29,12648.57
Company 85035,2019-01-01,1435.28,1470.66,304.12,80933.17,708,2583.67,736.1,2472706.71,1435.28,1470.66,304.12,3210.06
Company 52312,2017-01-01,1318.35,1567.18,1172.65,83921.8,473,3430.92,269.84,3158767.47,1318.35,1567.18,1172.65,4058.18
Company 89679,2022-01-01,8833.15,3267.65,217.57,45507.14,955,3054.22,695.26,5416660.69,8833.15,3267.65,217.57,12318.37
Company 88732,2022-01-01,4402.77,3897.8,1820.48,36500.8,574,3408.03,444.53,5872210.4,4402.77,3897.8,1820.48,10121.05
Company 79453,2016-01-01,2207.1,4679.49,897.39,12339.09,221,3741.5,568.49,1283455.12,2207.1,4679.49,897.39,7783.98
Company 2692,2019-01-01,6106.87,4889.68,1022.73,65558.48,541,1623.42,396.51,2671241.07,6106.87,4889.68,1022.73,12019.28
Company 59951,2019-01-01,8686.13,4360.83,1099.43,19188.81,313,3798.58,625.82,5214772.62,8686.13,4360.83,1099.43,14146.39
Company 77155,2017-01-01,8555.13,949.39,1845.54,71211.82,402,3944.94,246.66,9551582.7,8555.13,949.39,1845.54,11350.06
Company 59619,2015-01-01,2375.78,806.58,1739.97,19203.24,341,3338.24,895.7,1118234.49,2375.78,806.58,1739.97,4922.33
Company 60708,2018-01-01,5304.7,2148.46,365.54,91726.35,569,3496.07,946.83,9856351.84,5304.7,2148.46,365.54,7818.7
Company 62762,2018-01-01,9183.16,1640.82,1617.65,90239.1,834,2315.04,272.06,7377971.0,9183.16,1640.82,1617.65,12441.63
Company 89759,2021-01-01,2637.89,1838.53,1054.84,88047.65,242,2107.92,368.41,7953334.4,2637.89,1838.53,1054.84,5531.26
Company 50492,2020-01-01,7167.85,1401.48,1111.77,10387.47,561,4813.98,208.93,4974580.37,7167.85,1401.48,1111.77,9681.1
Company 39811,2021-01-01,6110.99,4598.09,1437.6,15678.72,315,4861.38,663.85,2525910.18,6110.99,4598.09,1437.6,12146.68
Company 5807,2020-01-01,6384.0,4893.21,1761.91,54350.54,227,4310.6,912.23,8862535.91,6384.0,4893.21,1761.91,13039.12
Company 38015,2016-01-01,2914.3,2495.34,1884.71,39499.86,868,2560.08,265.93,1630020.26,2914.3,2495.34,1884.71,7294.35
Company 49692,2022-01-01,1163.79,875.77,855.67,91637.51,444,3009.0,680.39,8795507.69,1163.79,875.77,855.67,2895.23
Company 2324,2020-01-01,1123.98,4097.35,1486.59,86010.8,441,2134.26,628.2,2002646.4,1123.98,4097.35,1486.59,6707.92
Company 45539,2016-01-01,9544.52,1343.21,1938.02,32840.27,936,2136.5,770.94,1705946.5,9544.52,1343.21,1938.02,12825.75
Company 35660,2021-01-01,7265.57,1988.91,1005.68,17376.96,938,2014.1,582.38,3744449.62,7265.57,1988.91,1005.68,10260.16
Company 95580,2016-01-01,1434.87,1262.0,1925.28,44303.75,166,2862.12,956.77,2907364.32,1434.87,1262.0,1925.28,4622.15
Company 85463,2015-01-01,8879.62,3596.34,461.06,18661.29,962,2854.59,804.51,9688201.48,8879.62,3596.34,461.06,12937.02
Company 43326,2022-01-01,7661.28,3817.94,1864.6,61725.54,429,1500.1,257.63,7456535.98,7661.28,3817.94,1864.6,13343.82
Company 54051,2021-01-01,1616.13,1172.51,1757.85,76380.54,489,1482.47,673.52,3879382.13,1616.13,1172.51,1757.85,4546.49
Company 14264,2020-01-01,7398.84,2115.7,1374.1,41760.54,768,4521.86,278.35,2652596.2,7398.84,2115.7,1374.1,10888.64
Company 33729,2018-01-01,6470.99,2792.95,1793.3,56228.16,382,4530.4,274.0,4668572.13,6470.99,2792.95,1793.3,11057.24
Company 23133,2020-01-01,7813.56,3557.75,1550.55,99286.69,916,3275.48,829.53,5044530.53,7813.56,3557.75,1550.55,12921.86
Company 28621,2019-01-01,5662.45,2582.39,1154.82,92922.79,158,2055.4,294.07,9630054.16,5662.45,2582.39,1154.82,9399.66
Company 53851,2019-01-01,8616.16,4928.05,1324.91,22324.4,710,2001.21,790.79,7003632.36,8616.16,4928.05,1324.91,14869.12
Company 80879,2017-01-01,5787.71,4627.34,1122.22,13743.92,365,3310.6,858.08,8141253.56,5787.71,4627.34,1122.22,11537.27
Company 75515,2015-01-01,5880.3,4835.94,1083.03,13849.7,786,4855.65,558.38,1666704.81,5880.3,4835.94,1083.03,11799.27
Company 58113,2022-01-01,5569.57,4953.8,1303.0,92394.14,616,2937.35,283.67,3642706.32,5569.57,4953.8,1303.0,11826.37
Company 6491,2015-01-01,4818.26,1934.2,1444.68,76899.16,859,4485.99,814.74,9328374.35,4818.26,1934.2,1444.68,8197.14
Company 35347,2019-01-01,8660.9,4881.22,398.32,39823.64,395,1954.15,261.5,7464195.16,8660.9,4881.22,398.32,13940.44
Company 81424,2016-01-01,7878.04,3314.01,1614.09,46278.08,656,3058.73,389.63,9402472.73,7878.04,3314.01,1614.09,12806.14
Company 37825,2019-01-01,8715.45,1080.97,1686.71,43423.41,270,4902.36,317.06,6106264.31,8715.45,1080.97,1686.71,11483.13
Company 30428,2015-01-01,2680.37,4791.88,1552.32,52647.75,982,4638.2,604.12,2321355.99,2680.37,4791.88,1552.32,9024.57
Company 64249,2018-01-01,7571.46,2720.96,1970.5,17508.27,862,1004.2,806.25,2797834.25,7571.46,2720.96,1970.5,12262.92
Company 67841,2015-01-01,6176.69,1661.93,1616.29,77271.9,449,4709.51,307.39,4229548.14,6176.69,1661.93,1616.29,9454.91
Company 6557,2015-01-01,7982.58,4205.14,1416.21,49873.8,941,4073.22,285.91,3061019.68,7982.58,4205.14,1416.21,13603.93
Company 52655,2020-01-01,8405.41,4740.67,1419.08,45768.56,692,2019.56,180.55,9283408.21,8405.41,4740.67,1419.08,14565.16
Company 18118,2015-01-01,6166.26,3095.81,888.86,94608.95,158,4935.49,466.4,6105188.22,6166.26,3095.81,888.86,10150.93
Company 19199,2017-01-01,1212.46,588.72,803.83,40963.13,324,4857.59,894.66,1554017.74,1212.46,588.72,803.83,2605.01
Company 81881,2017-01-01,3799.12,1127.67,1659.04,29004.23,554,4533.61,919.73,9385893.2,3799.12,1127.67,1659.04,6585.83
Company 86429,2015-01-01,7097.91,2915.6,1960.87,49313.43,494,1531.53,299.26,4147348.84,7097.91,2915.6,1960.87,11974.38
Company 41357,2021-01-01,8572.48,3427.28,1207.07,25385.49,558,1607.08,919.93,7375291.26,8572.48,3427.28,1207.07,13206.83
Company 94404,2015-01-01,6084.57,517.52,809.42,92492.49,403,3869.5,864.77,7477730.25,6084.57,517.52,809.42,7411.51
Company 59263,2017-01-01,6787.95,4177.09,615.91,11252.28,523,3861.98,115.68,2661263.33,6787.95,4177.09,615.91,11580.95
Company 19637,2021-01-01,8456.46,3823.31,1504.8,42093.02,606,3027.92,579.16,6123170.46,8456.46,3823.31,1504.8,13784.57
Company 14896,2015-01-01,8653.44,4496.04,1339.92,86244.43,849,1219.65,554.91,5845643.71,8653.44,4496.04,1339.92,14489.4
Company 37567,2020-01-01,8773.72,1806.91,1776.76,61988.15,778,2819.25,908.12,3295343.3,8773.72,1806.91,1776.76,12357.39
Company 97946,2017-01-01,5496.17,1934.51,761.55,85894.0,852,4794.62,707.59,6656699.77,5496.17,1934.51,761.55,8192.23
Company 40731,2016-01-01,5092.08,2237.12,1043.19,34386.69,169,3386.01,718.8,9525093.78,5092.08,2237.12,1043.19,8372.39
Company 82539,2017-01-01,3249.31,2257.71,620.57,54963.83,317,2259.52,554.03,8368772.69,3249.31,2257.71,620.57,6127.59
Company 87287,2017-01-01,9362.24,1447.99,1481.81,30672.2,836,2966.39,480.79,8914417.33,9362.24,1447.99,1481.81,12292.04
Company 57055,2015-01-01,6901.38,3076.19,589.66,76872.58,178,4098.63,421.1,4764905.5,6901.38,3076.19,589.66,10567.23
Company 95177,2018-01-01,4240.74,2159.73,1874.48,65995.12,973,2545.97,599.16,1119752.62,4240.74,2159.73,1874.48,8274.95
Company 70022,2020-01-01,5832.29,2603.77,506.79,17538.0,725,3913.78,977.49,3034891.62,5832.29,2603.77,506.79,8942.85
Company 93671,2018-01-01,1313.41,2217.2,808.46,54069.15,167,3838.65,188.01,9937307.5,1313.41,2217.2,808.46,4339.07
Company 37157,2019-01-01,7290.21,3826.27,419.37,79188.8,591,3433.34,531.85,5158774.58,7290.21,3826.27,419.37,11535.85
Company 96581,2020-01-01,3508.17,1664.95,647.63,60464.14,921,4435.39,200.97,3353505.92,3508.17,1664.95,647.63,5820.75
Company 96450,2017-01-01,1150.42,2415.72,1272.4,25636.34,170,4391.27,307.89,7647734.63,1150.42,2415.72,1272.4,4838.54
Company 41914,2015-01-01,6788.11,4871.09,381.85,68955.1,547,4979.1,886.55,1748371.22,6788.11,4871.09,381.85,12041.05
Company 49606,2021-01-01,9058.42,2800.5,1060.12,83944.43,673,2115.79,200.62,2042623.07,9058.42,2800.5,1060.12,12919.04
Company 50328,2021-01-01,3278.69,3333.48,1354.56,73073.2,561,2964.23,309.37,8443647.67,3278.69,3333.48,1354.56,7966.73
Company 13646,2020-01-01,8493.14,4500.18,411.14,78378.02,766,4590.41,804.75,4286771.11,8493.14,4500.18,411.14,13404.46
Company 43206,2015-01-01,2333.27,1283.91,1765.61,26996.75,503,1364.45,506.62,2298479.72,2333.27,1283.91,1765.61,5382.79
Company 21659,2019-01-01,8075.82,3365.58,427.87,13626.78,485,3631.56,803.88,1382764.85,8075.82,3365.58,427.87,11869.27
Company 36683,2018-01-01,7529.35,3730.18,1575.53,21348.85,918,1658.25,451.07,8969995.83,7529.35,3730.18,1575.53,12835.06
Company 39628,2018-01-01,9256.77,2573.22,867.24,72562.72,672,3713.97,570.11,3614897.58,9256.77,2573.22,867.24,12697.23
Company 50552,2022-01-01,9277.87,4634.57,1685.77,46716.93,425,4512.66,118.08,8285628.4,9277.87,4634.57,1685.77,15598.21
Company 20334,2015-01-01,5235.86,1429.89,216.84,83702.7,663,1032.62,348.72,6358703.0,5235.86,1429.89,216.84,6882.59
Company 90742,2017-01-01,9513.32,4423.64,1028.68,82213.94,424,2143.87,369.41,2653961.23,9513.32,4423.64,1028.68,14965.64
Company 35623,2015-01-01,4864.72,2942.21,1826.77,78762.58,770,3817.69,451.0,7120710.83,4864.72,2942.21,1826.77,9633.7
Company 28715,2019-01-01,9410.4,602.0,648.16,48755.37,570,1290.44,256.14,8484346.12,9410.4,602.0,648.16,10660.56
Company 96983,2015-01-01,6100.41,4621.32,1993.75,20319.23,819,3390.91,665.09,2408605.18,6100.41,4621.32,1993.75,12715.48
Company 29381,2021-01-01,4370.01,3397.45,1043.86,41252.55,260,4019.99,328.29,7433107.49,4370.01,3397.45,1043.86,8811.32
Company 16457,2018-01-01,3504.85,1609.58,1387.37,16336.91,636,1866.67,579.24,9273886.0,3504.85,1609.58,1387.37,6501.8
Company 32878,2020-01-01,9443.72,1083.53,410.49,81925.65,105,2852.71,170.3,8567395.14,9443.72,1083.53,410.49,10937.74
Company 77,2015-01-01,3050.05,4441.06,1360.4,53361.87,365,2988.94,357.79,6142409.31,3050.05,4441.06,1360.4,8851.51
Company 23642,2019-01-01,9935.73,1389.5,1061.74,79720.28,244,4464.01,537.58,8790200.27,9935.73,1389.5,1061.74,12386.97
Company 3686,2019-01-01,6980.72,3854.36,1492.75,95798.85,674,2580.13,910.78,2274971.89,6980.72,3854.36,1492.75,12327.83
Company 59048,2022-01-01,1546.55,4887.83,1369.67,52991.17,101,2733.49,376.06,7357605.99,1546.55,4887.83,1369.67,7804.05
Company 72551,2016-01-01,5764.46,1091.67,1612.49,54508.16,579,4732.58,585.83,9497147.43,5764.46,1091.67,1612.49,8468.62
Company 57488,2022-01-01,6668.65,3003.98,338.44,95960.55,402,4183.23,335.91,7516666.4,6668.65,3003.98,338.44,10011.07
Company 97305,2018-01-01,3711.08,3022.31,453.71,38359.68,249,2726.01,339.96,4189310.39,3711.08,3022.31,453.71,7187.1
Company 20621,2015-01-01,8167.37,4561.84,718.57,94185.24,744,4969.06,634.05,3098755.52,8167.37,4561.84,718.57,13447.78
Company 8722,2022-01-01,8048.19,3966.6,636.37,23512.17,701,4972.31,829.11,7673578.45,8048.19,3966.6,636.37,12651.16
Company 22417,2019-01-01,9176.05,2220.64,492.06,70840.01,648,3463.41,590.64,3206337.08,9176.05,2220.64,492.06,11888.75
Company 62429,2016-01-01,4828.68,2573.71,1252.5,82361.39,818,2290.85,565.42,6752596.2,4828.68,2573.71,1252.5,8654.89
Company 58188,2016-01-01,2063.09,4425.32,1166.06,62034.11,240,2008.19,476.35,4588135.23,2063.09,4425.32,1166.06,7654.47
Company 20290,2022-01-01,1513.62,4334.26,1727.89,99038.41,507,3824.9,388.64,2536628.39,1513.62,4334.26,1727.89,7575.77
Company 47069,2015-01-01,9328.24,4648.43,1471.82,50358.13,739,4236.84,984.65,7235896.92,9328.24,4648.43,1471.82,15448.49
Company 18093,2022-01-01,7727.07,3588.24,823.36,96840.97,853,1515.06,597.46,2759080.62,7727.07,3588.24,823.36,12138.67
Company 34511,2018-01-01,9077.2,2199.05,257.15,31435.39,868,3767.85,749.88,2271328.06,9077.2,2199.05,257.15,11533.4
Company 18385,2020-01-01,4402.36,4243.24,461.16,29193.0,386,2811.36,271.79,5965040.83,4402.36,4243.24,461.16,9106.76
Company 29026,2016-01-01,3305.43,3739.85,1142.85,64200.99,695,1517.34,625.87,4901460.22,3305.43,3739.85,1142.85,8188.13
Company 491,2015-01-01,8195.74,1100.07,1477.18,35424.37,154,4363.99,330.28,7187505.73,8195.74,1100.07,1477.18,10772.99
Company 72126,2020-01-01,4362.62,660.39,266.03,37706.59,972,1165.39,736.32,8737469.09,4362.62,660.39,266.03,5289.04
Company 1273,2015-01-01,6328.46,4843.7,717.42,81239.35,917,1031.27,472.35,6269822.39,6328.46,4843.7,717.42,11889.58
Company 55743,2015-01-01,1697.52,1755.62,679.97,98264.71,189,2863.59,792.12,2339321.75,1697.52,1755.62,679.97,4133.11
Company 51415,2019-01-01,6848.7,4659.95,720.49,32254.88,576,4907.03,797.05,4137513.18,6848.7,4659.95,720.49,12229.14
Company 48440,2018-01-01,2135.48,3748.26,1183.06,73812.62,924,3181.15,762.3,3798675.85,2135.48,3748.26,1183.06,7066.8
Company 65266,2016-01-01,6193.45,4482.66,589.73,26810.73,460,2883.14,119.77,4718151.62,6193.45,4482.66,589.73,11265.84
Company 45786,2021-01-01,8369.44,1049.21,1792.29,35088.28,859,1487.1,263.73,6622046.48,8369.44,1049.21,1792.29,11210.94
Company 68348,2016-01-01,8794.05,2163.66,1789.64,50353.72,391,4601.13,583.89,4093554.06,8794.05,2163.66,1789.64,12747.35
Company 71085,2020-01-01,7933.55,3975.77,296.79,26074.02,679,2817.23,993.54,2961340.03,7933.55,3975.77,296.79,12206.11
Company 59725,2015-01-01,8118.18,4425.77,1250.78,86622.56,727,2651.49,945.88,6836796.39,8118.18,4425.77,1250.78,13794.73
Company 71099,2020-01-01,6849.61,1149.45,1040.85,67057.92,309,4951.52,183.64,1091136.1,6849.61,1149.45,1040.85,9039.91
Company 2980,2017-01-01,1150.68,4307.7,1593.71,42126.06,761,2121.4,201.39,3488026.39,1150.68,4307.7,1593.71,7052.09
Company 19882,2020-01-01,1792.29,3115.31,1594.63,17090.27,791,2891.63,523.0,9385000.39,1792.29,3115.31,1594.63,6502.23
